status,benchmark,model,data,split,sub_dataset,num_shots,tau,gamma,auc_pct,accuracy_pct,tpr1_fpr_pct,tpr5_fpr_pct,tpr10_fpr_pct,result_name,output_dir,roc_path,log_file
ok,mimir,pythia-160m,iamgroot42/mimir,ngram_7_0.2,arxiv,10,0.03,0,68.0,64.4,10.4,19.2,26.7,wpmia_mimir_ngram_7_0.2_pythia-160m_arxiv_10_tau_0p03_gamma_0,simmia_out/mimir/ngram_7_0.2/pythia-160m/arxiv/10,simmia_out/mimir/ngram_7_0.2/pythia-160m/arxiv/10/wpmia_mimir_ngram_7_0.2_pythia-160m_arxiv_10_tau_0p03_gamma_0_roc_tpr_at_5_fpr.png,logs/wpmia/20260524_082806_mimir_wpmia/mimir_ngram_7_0.2_pythia-160m_arxiv_10_tau_0p03_gamma_0.log
ok,mimir,pythia-160m,iamgroot42/mimir,ngram_7_0.2,arxiv,10,0.03,0.25,69.2,65.1,11.6,21.0,27.8,wpmia_mimir_ngram_7_0.2_pythia-160m_arxiv_10_tau_0p03_gamma_0p25,simmia_out/mimir/ngram_7_0.2/pythia-160m/arxiv/10,simmia_out/mimir/ngram_7_0.2/pythia-160m/arxiv/10/wpmia_mimir_ngram_7_0.2_pythia-160m_arxiv_10_tau_0p03_gamma_0p25_roc_tpr_at_5_fpr.png,logs/wpmia/20260524_082806_mimir_wpmia/mimir_ngram_7_0.2_pythia-160m_arxiv_10_tau_0p03_gamma_0p25.log
ok,mimir,pythia-160m,iamgroot42/mimir,ngram_7_0.2,arxiv,10,0.03,0.5,70.6,67.2,12.2,23.9,31.8,wpmia_mimir_ngram_7_0.2_pythia-160m_arxiv_10_tau_0p03_gamma_0p5,simmia_out/mimir/ngram_7_0.2/pythia-160m/arxiv/10,simmia_out/mimir/ngram_7_0.2/pythia-160m/arxiv/10/wpmia_mimir_ngram_7_0.2_pythia-160m_arxiv_10_tau_0p03_gamma_0p5_roc_tpr_at_5_fpr.png,logs/wpmia/20260524_082806_mimir_wpmia/mimir_ngram_7_0.2_pythia-160m_arxiv_10_tau_0p03_gamma_0p5.log
ok,mimir,pythia-160m,iamgroot42/mimir,ngram_7_0.2,arxiv,10,0.03,0.75,71.2,67.3,11.8,25.5,32.9,wpmia_mimir_ngram_7_0.2_pythia-160m_arxiv_10_tau_0p03_gamma_0p75,simmia_out/mimir/ngram_7_0.2/pythia-160m/arxiv/10,simmia_out/mimir/ngram_7_0.2/pythia-160m/arxiv/10/wpmia_mimir_ngram_7_0.2_pythia-160m_arxiv_10_tau_0p03_gamma_0p75_roc_tpr_at_5_fpr.png,logs/wpmia/20260524_082806_mimir_wpmia/mimir_ngram_7_0.2_pythia-160m_arxiv_10_tau_0p03_gamma_0p75.log
ok,mimir,pythia-160m,iamgroot42/mimir,ngram_7_0.2,arxiv,10,0.03,1.0,67.8,63.3,5.3,20.2,34.3,wpmia_mimir_ngram_7_0.2_pythia-160m_arxiv_10_tau_0p03_gamma_1p0,simmia_out/mimir/ngram_7_0.2/pythia-160m/arxiv/10,simmia_out/mimir/ngram_7_0.2/pythia-160m/arxiv/10/wpmia_mimir_ngram_7_0.2_pythia-160m_arxiv_10_tau_0p03_gamma_1p0_roc_tpr_at_5_fpr.png,logs/wpmia/20260524_082806_mimir_wpmia/mimir_ngram_7_0.2_pythia-160m_arxiv_10_tau_0p03_gamma_1p0.log
ok,mimir,pythia-160m,iamgroot42/mimir,ngram_7_0.2,arxiv,10,0.05,0,68.0,64.4,9.0,18.2,26.9,wpmia_mimir_ngram_7_0.2_pythia-160m_arxiv_10_tau_0p05_gamma_0,simmia_out/mimir/ngram_7_0.2/pythia-160m/arxiv/10,simmia_out/mimir/ngram_7_0.2/pythia-160m/arxiv/10/wpmia_mimir_ngram_7_0.2_pythia-160m_arxiv_10_tau_0p05_gamma_0_roc_tpr_at_5_fpr.png,logs/wpmia/20260524_082806_mimir_wpmia/mimir_ngram_7_0.2_pythia-160m_arxiv_10_tau_0p05_gamma_0.log
ok,mimir,pythia-160m,iamgroot42/mimir,ngram_7_0.2,arxiv,10,0.05,0.25,69.2,65.7,10.2,22.0,28.4,wpmia_mimir_ngram_7_0.2_pythia-160m_arxiv_10_tau_0p05_gamma_0p25,simmia_out/mimir/ngram_7_0.2/pythia-160m/arxiv/10,simmia_out/mimir/ngram_7_0.2/pythia-160m/arxiv/10/wpmia_mimir_ngram_7_0.2_pythia-160m_arxiv_10_tau_0p05_gamma_0p25_roc_tpr_at_5_fpr.png,logs/wpmia/20260524_082806_mimir_wpmia/mimir_ngram_7_0.2_pythia-160m_arxiv_10_tau_0p05_gamma_0p25.log
ok,mimir,pythia-160m,iamgroot42/mimir,ngram_7_0.2,arxiv,10,0.05,0.5,70.8,67.1,10.0,23.1,32.4,wpmia_mimir_ngram_7_0.2_pythia-160m_arxiv_10_tau_0p05_gamma_0p5,simmia_out/mimir/ngram_7_0.2/pythia-160m/arxiv/10,simmia_out/mimir/ngram_7_0.2/pythia-160m/arxiv/10/wpmia_mimir_ngram_7_0.2_pythia-160m_arxiv_10_tau_0p05_gamma_0p5_roc_tpr_at_5_fpr.png,logs/wpmia/20260524_082806_mimir_wpmia/mimir_ngram_7_0.2_pythia-160m_arxiv_10_tau_0p05_gamma_0p5.log
ok,mimir,pythia-160m,iamgroot42/mimir,ngram_7_0.2,arxiv,10,0.05,0.75,71.6,67.1,11.6,24.3,32.7,wpmia_mimir_ngram_7_0.2_pythia-160m_arxiv_10_tau_0p05_gamma_0p75,simmia_out/mimir/ngram_7_0.2/pythia-160m/arxiv/10,simmia_out/mimir/ngram_7_0.2/pythia-160m/arxiv/10/wpmia_mimir_ngram_7_0.2_pythia-160m_arxiv_10_tau_0p05_gamma_0p75_roc_tpr_at_5_fpr.png,logs/wpmia/20260524_082806_mimir_wpmia/mimir_ngram_7_0.2_pythia-160m_arxiv_10_tau_0p05_gamma_0p75.log
ok,mimir,pythia-160m,iamgroot42/mimir,ngram_7_0.2,arxiv,10,0.05,1.0,68.6,64.6,7.6,19.6,34.3,wpmia_mimir_ngram_7_0.2_pythia-160m_arxiv_10_tau_0p05_gamma_1p0,simmia_out/mimir/ngram_7_0.2/pythia-160m/arxiv/10,simmia_out/mimir/ngram_7_0.2/pythia-160m/arxiv/10/wpmia_mimir_ngram_7_0.2_pythia-160m_arxiv_10_tau_0p05_gamma_1p0_roc_tpr_at_5_fpr.png,logs/wpmia/20260524_082806_mimir_wpmia/mimir_ngram_7_0.2_pythia-160m_arxiv_10_tau_0p05_gamma_1p0.log
ok,mimir,pythia-160m,iamgroot42/mimir,ngram_7_0.2,arxiv,10,0.1,0,71.0,66.8,9.2,21.0,32.2,wpmia_mimir_ngram_7_0.2_pythia-160m_arxiv_10_tau_0p1_gamma_0,simmia_out/mimir/ngram_7_0.2/pythia-160m/arxiv/10,simmia_out/mimir/ngram_7_0.2/pythia-160m/arxiv/10/wpmia_mimir_ngram_7_0.2_pythia-160m_arxiv_10_tau_0p1_gamma_0_roc_tpr_at_5_fpr.png,logs/wpmia/20260524_082806_mimir_wpmia/mimir_ngram_7_0.2_pythia-160m_arxiv_10_tau_0p1_gamma_0.log
ok,mimir,pythia-160m,iamgroot42/mimir,ngram_7_0.2,arxiv,10,0.1,0.25,71.9,67.7,9.8,23.1,31.6,wpmia_mimir_ngram_7_0.2_pythia-160m_arxiv_10_tau_0p1_gamma_0p25,simmia_out/mimir/ngram_7_0.2/pythia-160m/arxiv/10,simmia_out/mimir/ngram_7_0.2/pythia-160m/arxiv/10/wpmia_mimir_ngram_7_0.2_pythia-160m_arxiv_10_tau_0p1_gamma_0p25_roc_tpr_at_5_fpr.png,logs/wpmia/20260524_082806_mimir_wpmia/mimir_ngram_7_0.2_pythia-160m_arxiv_10_tau_0p1_gamma_0p25.log
ok,mimir,pythia-160m,iamgroot42/mimir,ngram_7_0.2,arxiv,10,0.1,0.5,72.8,68.2,11.0,24.5,34.5,wpmia_mimir_ngram_7_0.2_pythia-160m_arxiv_10_tau_0p1_gamma_0p5,simmia_out/mimir/ngram_7_0.2/pythia-160m/arxiv/10,simmia_out/mimir/ngram_7_0.2/pythia-160m/arxiv/10/wpmia_mimir_ngram_7_0.2_pythia-160m_arxiv_10_tau_0p1_gamma_0p5_roc_tpr_at_5_fpr.png,logs/wpmia/20260524_082806_mimir_wpmia/mimir_ngram_7_0.2_pythia-160m_arxiv_10_tau_0p1_gamma_0p5.log
ok,mimir,pythia-160m,iamgroot42/mimir,ngram_7_0.2,arxiv,10,0.1,0.75,72.9,68.7,12.0,25.9,37.1,wpmia_mimir_ngram_7_0.2_pythia-160m_arxiv_10_tau_0p1_gamma_0p75,simmia_out/mimir/ngram_7_0.2/pythia-160m/arxiv/10,simmia_out/mimir/ngram_7_0.2/pythia-160m/arxiv/10/wpmia_mimir_ngram_7_0.2_pythia-160m_arxiv_10_tau_0p1_gamma_0p75_roc_tpr_at_5_fpr.png,logs/wpmia/20260524_082806_mimir_wpmia/mimir_ngram_7_0.2_pythia-160m_arxiv_10_tau_0p1_gamma_0p75.log
ok,mimir,pythia-160m,iamgroot42/mimir,ngram_7_0.2,arxiv,10,0.1,1.0,68.5,64.7,6.1,19.4,30.8,wpmia_mimir_ngram_7_0.2_pythia-160m_arxiv_10_tau_0p1_gamma_1p0,simmia_out/mimir/ngram_7_0.2/pythia-160m/arxiv/10,simmia_out/mimir/ngram_7_0.2/pythia-160m/arxiv/10/wpmia_mimir_ngram_7_0.2_pythia-160m_arxiv_10_tau_0p1_gamma_1p0_roc_tpr_at_5_fpr.png,logs/wpmia/20260524_082806_mimir_wpmia/mimir_ngram_7_0.2_pythia-160m_arxiv_10_tau_0p1_gamma_1p0.log
ok,mimir,pythia-160m,iamgroot42/mimir,ngram_7_0.2,arxiv,10,0.2,0,73.0,69.0,10.2,23.9,36.1,wpmia_mimir_ngram_7_0.2_pythia-160m_arxiv_10_tau_0p2_gamma_0,simmia_out/mimir/ngram_7_0.2/pythia-160m/arxiv/10,simmia_out/mimir/ngram_7_0.2/pythia-160m/arxiv/10/wpmia_mimir_ngram_7_0.2_pythia-160m_arxiv_10_tau_0p2_gamma_0_roc_tpr_at_5_fpr.png,logs/wpmia/20260524_082806_mimir_wpmia/mimir_ngram_7_0.2_pythia-160m_arxiv_10_tau_0p2_gamma_0.log
ok,mimir,pythia-160m,iamgroot42/mimir,ngram_7_0.2,arxiv,10,0.2,0.25,73.6,69.5,10.8,22.9,37.6,wpmia_mimir_ngram_7_0.2_pythia-160m_arxiv_10_tau_0p2_gamma_0p25,simmia_out/mimir/ngram_7_0.2/pythia-160m/arxiv/10,simmia_out/mimir/ngram_7_0.2/pythia-160m/arxiv/10/wpmia_mimir_ngram_7_0.2_pythia-160m_arxiv_10_tau_0p2_gamma_0p25_roc_tpr_at_5_fpr.png,logs/wpmia/20260524_082806_mimir_wpmia/mimir_ngram_7_0.2_pythia-160m_arxiv_10_tau_0p2_gamma_0p25.log
ok,mimir,pythia-160m,iamgroot42/mimir,ngram_7_0.2,arxiv,10,0.2,0.5,74.1,69.7,9.8,25.1,38.0,wpmia_mimir_ngram_7_0.2_pythia-160m_arxiv_10_tau_0p2_gamma_0p5,simmia_out/mimir/ngram_7_0.2/pythia-160m/arxiv/10,simmia_out/mimir/ngram_7_0.2/pythia-160m/arxiv/10/wpmia_mimir_ngram_7_0.2_pythia-160m_arxiv_10_tau_0p2_gamma_0p5_roc_tpr_at_5_fpr.png,logs/wpmia/20260524_082806_mimir_wpmia/mimir_ngram_7_0.2_pythia-160m_arxiv_10_tau_0p2_gamma_0p5.log
ok,mimir,pythia-160m,iamgroot42/mimir,ngram_7_0.2,arxiv,10,0.2,0.75,73.7,69.2,11.4,26.1,39.2,wpmia_mimir_ngram_7_0.2_pythia-160m_arxiv_10_tau_0p2_gamma_0p75,simmia_out/mimir/ngram_7_0.2/pythia-160m/arxiv/10,simmia_out/mimir/ngram_7_0.2/pythia-160m/arxiv/10/wpmia_mimir_ngram_7_0.2_pythia-160m_arxiv_10_tau_0p2_gamma_0p75_roc_tpr_at_5_fpr.png,logs/wpmia/20260524_082806_mimir_wpmia/mimir_ngram_7_0.2_pythia-160m_arxiv_10_tau_0p2_gamma_0p75.log
ok,mimir,pythia-160m,iamgroot42/mimir,ngram_7_0.2,arxiv,10,0.2,1.0,67.3,63.5,6.5,17.8,27.1,wpmia_mimir_ngram_7_0.2_pythia-160m_arxiv_10_tau_0p2_gamma_1p0,simmia_out/mimir/ngram_7_0.2/pythia-160m/arxiv/10,simmia_out/mimir/ngram_7_0.2/pythia-160m/arxiv/10/wpmia_mimir_ngram_7_0.2_pythia-160m_arxiv_10_tau_0p2_gamma_1p0_roc_tpr_at_5_fpr.png,logs/wpmia/20260524_082806_mimir_wpmia/mimir_ngram_7_0.2_pythia-160m_arxiv_10_tau_0p2_gamma_1p0.log
ok,mimir,pythia-160m,iamgroot42/mimir,ngram_7_0.2,arxiv,10,0.5,0,73.7,69.7,10.0,25.7,38.6,wpmia_mimir_ngram_7_0.2_pythia-160m_arxiv_10_tau_0p5_gamma_0,simmia_out/mimir/ngram_7_0.2/pythia-160m/arxiv/10,simmia_out/mimir/ngram_7_0.2/pythia-160m/arxiv/10/wpmia_mimir_ngram_7_0.2_pythia-160m_arxiv_10_tau_0p5_gamma_0_roc_tpr_at_5_fpr.png,logs/wpmia/20260524_082806_mimir_wpmia/mimir_ngram_7_0.2_pythia-160m_arxiv_10_tau_0p5_gamma_0.log
ok,mimir,pythia-160m,iamgroot42/mimir,ngram_7_0.2,arxiv,10,0.5,0.25,74.1,69.6,10.8,25.5,39.2,wpmia_mimir_ngram_7_0.2_pythia-160m_arxiv_10_tau_0p5_gamma_0p25,simmia_out/mimir/ngram_7_0.2/pythia-160m/arxiv/10,simmia_out/mimir/ngram_7_0.2/pythia-160m/arxiv/10/wpmia_mimir_ngram_7_0.2_pythia-160m_arxiv_10_tau_0p5_gamma_0p25_roc_tpr_at_5_fpr.png,logs/wpmia/20260524_082806_mimir_wpmia/mimir_ngram_7_0.2_pythia-160m_arxiv_10_tau_0p5_gamma_0p25.log
ok,mimir,pythia-160m,iamgroot42/mimir,ngram_7_0.2,arxiv,10,0.5,0.5,74.4,69.1,12.0,24.5,40.8,wpmia_mimir_ngram_7_0.2_pythia-160m_arxiv_10_tau_0p5_gamma_0p5,simmia_out/mimir/ngram_7_0.2/pythia-160m/arxiv/10,simmia_out/mimir/ngram_7_0.2/pythia-160m/arxiv/10/wpmia_mimir_ngram_7_0.2_pythia-160m_arxiv_10_tau_0p5_gamma_0p5_roc_tpr_at_5_fpr.png,logs/wpmia/20260524_082806_mimir_wpmia/mimir_ngram_7_0.2_pythia-160m_arxiv_10_tau_0p5_gamma_0p5.log
ok,mimir,pythia-160m,iamgroot42/mimir,ngram_7_0.2,arxiv,10,0.5,0.75,73.7,69.6,10.4,23.5,37.8,wpmia_mimir_ngram_7_0.2_pythia-160m_arxiv_10_tau_0p5_gamma_0p75,simmia_out/mimir/ngram_7_0.2/pythia-160m/arxiv/10,simmia_out/mimir/ngram_7_0.2/pythia-160m/arxiv/10/wpmia_mimir_ngram_7_0.2_pythia-160m_arxiv_10_tau_0p5_gamma_0p75_roc_tpr_at_5_fpr.png,logs/wpmia/20260524_082806_mimir_wpmia/mimir_ngram_7_0.2_pythia-160m_arxiv_10_tau_0p5_gamma_0p75.log
ok,mimir,pythia-160m,iamgroot42/mimir,ngram_7_0.2,arxiv,10,0.5,1.0,65.9,62.2,4.9,15.3,24.3,wpmia_mimir_ngram_7_0.2_pythia-160m_arxiv_10_tau_0p5_gamma_1p0,simmia_out/mimir/ngram_7_0.2/pythia-160m/arxiv/10,simmia_out/mimir/ngram_7_0.2/pythia-160m/arxiv/10/wpmia_mimir_ngram_7_0.2_pythia-160m_arxiv_10_tau_0p5_gamma_1p0_roc_tpr_at_5_fpr.png,logs/wpmia/20260524_082806_mimir_wpmia/mimir_ngram_7_0.2_pythia-160m_arxiv_10_tau_0p5_gamma_1p0.log
ok,mimir,pythia-160m,iamgroot42/mimir,ngram_7_0.2,dm_mathematics,10,0.03,0,87.8,80.4,36.7,55.7,57.0,wpmia_mimir_ngram_7_0.2_pythia-160m_dm_mathematics_10_tau_0p03_gamma_0,simmia_out/mimir/ngram_7_0.2/pythia-160m/dm_mathematics/10,simmia_out/mimir/ngram_7_0.2/pythia-160m/dm_mathematics/10/wpmia_mimir_ngram_7_0.2_pythia-160m_dm_mathematics_10_tau_0p03_gamma_0_roc_tpr_at_5_fpr.png,logs/wpmia/20260524_082806_mimir_wpmia/mimir_ngram_7_0.2_pythia-160m_dm_mathematics_10_tau_0p03_gamma_0.log
ok,mimir,pythia-160m,iamgroot42/mimir,ngram_7_0.2,dm_mathematics,10,0.03,0.25,88.6,80.4,41.8,57.0,59.5,wpmia_mimir_ngram_7_0.2_pythia-160m_dm_mathematics_10_tau_0p03_gamma_0p25,simmia_out/mimir/ngram_7_0.2/pythia-160m/dm_mathematics/10,simmia_out/mimir/ngram_7_0.2/pythia-160m/dm_mathematics/10/wpmia_mimir_ngram_7_0.2_pythia-160m_dm_mathematics_10_tau_0p03_gamma_0p25_roc_tpr_at_5_fpr.png,logs/wpmia/20260524_082806_mimir_wpmia/mimir_ngram_7_0.2_pythia-160m_dm_mathematics_10_tau_0p03_gamma_0p25.log
ok,mimir,pythia-160m,iamgroot42/mimir,ngram_7_0.2,dm_mathematics,10,0.03,0.5,89.7,81.0,50.6,59.5,65.8,wpmia_mimir_ngram_7_0.2_pythia-160m_dm_mathematics_10_tau_0p03_gamma_0p5,simmia_out/mimir/ngram_7_0.2/pythia-160m/dm_mathematics/10,simmia_out/mimir/ngram_7_0.2/pythia-160m/dm_mathematics/10/wpmia_mimir_ngram_7_0.2_pythia-160m_dm_mathematics_10_tau_0p03_gamma_0p5_roc_tpr_at_5_fpr.png,logs/wpmia/20260524_082806_mimir_wpmia/mimir_ngram_7_0.2_pythia-160m_dm_mathematics_10_tau_0p03_gamma_0p5.log
ok,mimir,pythia-160m,iamgroot42/mimir,ngram_7_0.2,dm_mathematics,10,0.03,0.75,91.6,84.8,60.8,63.3,70.9,wpmia_mimir_ngram_7_0.2_pythia-160m_dm_mathematics_10_tau_0p03_gamma_0p75,simmia_out/mimir/ngram_7_0.2/pythia-160m/dm_mathematics/10,simmia_out/mimir/ngram_7_0.2/pythia-160m/dm_mathematics/10/wpmia_mimir_ngram_7_0.2_pythia-160m_dm_mathematics_10_tau_0p03_gamma_0p75_roc_tpr_at_5_fpr.png,logs/wpmia/20260524_082806_mimir_wpmia/mimir_ngram_7_0.2_pythia-160m_dm_mathematics_10_tau_0p03_gamma_0p75.log
ok,mimir,pythia-160m,iamgroot42/mimir,ngram_7_0.2,dm_mathematics,10,0.03,1.0,66.3,65.8,20.3,29.1,35.4,wpmia_mimir_ngram_7_0.2_pythia-160m_dm_mathematics_10_tau_0p03_gamma_1p0,simmia_out/mimir/ngram_7_0.2/pythia-160m/dm_mathematics/10,simmia_out/mimir/ngram_7_0.2/pythia-160m/dm_mathematics/10/wpmia_mimir_ngram_7_0.2_pythia-160m_dm_mathematics_10_tau_0p03_gamma_1p0_roc_tpr_at_5_fpr.png,logs/wpmia/20260524_082806_mimir_wpmia/mimir_ngram_7_0.2_pythia-160m_dm_mathematics_10_tau_0p03_gamma_1p0.log
ok,mimir,pythia-160m,iamgroot42/mimir,ngram_7_0.2,dm_mathematics,10,0.05,0,88.5,82.3,50.6,53.2,59.5,wpmia_mimir_ngram_7_0.2_pythia-160m_dm_mathematics_10_tau_0p05_gamma_0,simmia_out/mimir/ngram_7_0.2/pythia-160m/dm_mathematics/10,simmia_out/mimir/ngram_7_0.2/pythia-160m/dm_mathematics/10/wpmia_mimir_ngram_7_0.2_pythia-160m_dm_mathematics_10_tau_0p05_gamma_0_roc_tpr_at_5_fpr.png,logs/wpmia/20260524_082806_mimir_wpmia/mimir_ngram_7_0.2_pythia-160m_dm_mathematics_10_tau_0p05_gamma_0.log
ok,mimir,pythia-160m,iamgroot42/mimir,ngram_7_0.2,dm_mathematics,10,0.05,0.25,89.3,82.3,53.2,55.7,60.8,wpmia_mimir_ngram_7_0.2_pythia-160m_dm_mathematics_10_tau_0p05_gamma_0p25,simmia_out/mimir/ngram_7_0.2/pythia-160m/dm_mathematics/10,simmia_out/mimir/ngram_7_0.2/pythia-160m/dm_mathematics/10/wpmia_mimir_ngram_7_0.2_pythia-160m_dm_mathematics_10_tau_0p05_gamma_0p25_roc_tpr_at_5_fpr.png,logs/wpmia/20260524_082806_mimir_wpmia/mimir_ngram_7_0.2_pythia-160m_dm_mathematics_10_tau_0p05_gamma_0p25.log
ok,mimir,pythia-160m,iamgroot42/mimir,ngram_7_0.2,dm_mathematics,10,0.05,0.5,90.7,82.3,54.4,57.0,67.1,wpmia_mimir_ngram_7_0.2_pythia-160m_dm_mathematics_10_tau_0p05_gamma_0p5,simmia_out/mimir/ngram_7_0.2/pythia-160m/dm_mathematics/10,simmia_out/mimir/ngram_7_0.2/pythia-160m/dm_mathematics/10/wpmia_mimir_ngram_7_0.2_pythia-160m_dm_mathematics_10_tau_0p05_gamma_0p5_roc_tpr_at_5_fpr.png,logs/wpmia/20260524_082806_mimir_wpmia/mimir_ngram_7_0.2_pythia-160m_dm_mathematics_10_tau_0p05_gamma_0p5.log
ok,mimir,pythia-160m,iamgroot42/mimir,ngram_7_0.2,dm_mathematics,10,0.05,0.75,91.5,85.4,48.1,57.0,74.7,wpmia_mimir_ngram_7_0.2_pythia-160m_dm_mathematics_10_tau_0p05_gamma_0p75,simmia_out/mimir/ngram_7_0.2/pythia-160m/dm_mathematics/10,simmia_out/mimir/ngram_7_0.2/pythia-160m/dm_mathematics/10/wpmia_mimir_ngram_7_0.2_pythia-160m_dm_mathematics_10_tau_0p05_gamma_0p75_roc_tpr_at_5_fpr.png,logs/wpmia/20260524_082806_mimir_wpmia/mimir_ngram_7_0.2_pythia-160m_dm_mathematics_10_tau_0p05_gamma_0p75.log
ok,mimir,pythia-160m,iamgroot42/mimir,ngram_7_0.2,dm_mathematics,10,0.05,1.0,57.6,61.4,21.5,25.3,27.8,wpmia_mimir_ngram_7_0.2_pythia-160m_dm_mathematics_10_tau_0p05_gamma_1p0,simmia_out/mimir/ngram_7_0.2/pythia-160m/dm_mathematics/10,simmia_out/mimir/ngram_7_0.2/pythia-160m/dm_mathematics/10/wpmia_mimir_ngram_7_0.2_pythia-160m_dm_mathematics_10_tau_0p05_gamma_1p0_roc_tpr_at_5_fpr.png,logs/wpmia/20260524_082806_mimir_wpmia/mimir_ngram_7_0.2_pythia-160m_dm_mathematics_10_tau_0p05_gamma_1p0.log
ok,mimir,pythia-160m,iamgroot42/mimir,ngram_7_0.2,dm_mathematics,10,0.1,0,90.9,83.5,46.8,57.0,68.4,wpmia_mimir_ngram_7_0.2_pythia-160m_dm_mathematics_10_tau_0p1_gamma_0,simmia_out/mimir/ngram_7_0.2/pythia-160m/dm_mathematics/10,simmia_out/mimir/ngram_7_0.2/pythia-160m/dm_mathematics/10/wpmia_mimir_ngram_7_0.2_pythia-160m_dm_mathematics_10_tau_0p1_gamma_0_roc_tpr_at_5_fpr.png,logs/wpmia/20260524_082806_mimir_wpmia/mimir_ngram_7_0.2_pythia-160m_dm_mathematics_10_tau_0p1_gamma_0.log
ok,mimir,pythia-160m,iamgroot42/mimir,ngram_7_0.2,dm_mathematics,10,0.1,0.25,91.1,84.2,44.3,57.0,68.4,wpmia_mimir_ngram_7_0.2_pythia-160m_dm_mathematics_10_tau_0p1_gamma_0p25,simmia_out/mimir/ngram_7_0.2/pythia-160m/dm_mathematics/10,simmia_out/mimir/ngram_7_0.2/pythia-160m/dm_mathematics/10/wpmia_mimir_ngram_7_0.2_pythia-160m_dm_mathematics_10_tau_0p1_gamma_0p25_roc_tpr_at_5_fpr.png,logs/wpmia/20260524_082806_mimir_wpmia/mimir_ngram_7_0.2_pythia-160m_dm_mathematics_10_tau_0p1_gamma_0p25.log
ok,mimir,pythia-160m,iamgroot42/mimir,ngram_7_0.2,dm_mathematics,10,0.1,0.5,91.2,84.2,44.3,55.7,68.4,wpmia_mimir_ngram_7_0.2_pythia-160m_dm_mathematics_10_tau_0p1_gamma_0p5,simmia_out/mimir/ngram_7_0.2/pythia-160m/dm_mathematics/10,simmia_out/mimir/ngram_7_0.2/pythia-160m/dm_mathematics/10/wpmia_mimir_ngram_7_0.2_pythia-160m_dm_mathematics_10_tau_0p1_gamma_0p5_roc_tpr_at_5_fpr.png,logs/wpmia/20260524_082806_mimir_wpmia/mimir_ngram_7_0.2_pythia-160m_dm_mathematics_10_tau_0p1_gamma_0p5.log
ok,mimir,pythia-160m,iamgroot42/mimir,ngram_7_0.2,dm_mathematics,10,0.1,0.75,91.3,85.4,43.0,53.2,78.5,wpmia_mimir_ngram_7_0.2_pythia-160m_dm_mathematics_10_tau_0p1_gamma_0p75,simmia_out/mimir/ngram_7_0.2/pythia-160m/dm_mathematics/10,simmia_out/mimir/ngram_7_0.2/pythia-160m/dm_mathematics/10/wpmia_mimir_ngram_7_0.2_pythia-160m_dm_mathematics_10_tau_0p1_gamma_0p75_roc_tpr_at_5_fpr.png,logs/wpmia/20260524_082806_mimir_wpmia/mimir_ngram_7_0.2_pythia-160m_dm_mathematics_10_tau_0p1_gamma_0p75.log
ok,mimir,pythia-160m,iamgroot42/mimir,ngram_7_0.2,dm_mathematics,10,0.1,1.0,49.1,59.5,17.7,22.8,22.8,wpmia_mimir_ngram_7_0.2_pythia-160m_dm_mathematics_10_tau_0p1_gamma_1p0,simmia_out/mimir/ngram_7_0.2/pythia-160m/dm_mathematics/10,simmia_out/mimir/ngram_7_0.2/pythia-160m/dm_mathematics/10/wpmia_mimir_ngram_7_0.2_pythia-160m_dm_mathematics_10_tau_0p1_gamma_1p0_roc_tpr_at_5_fpr.png,logs/wpmia/20260524_082806_mimir_wpmia/mimir_ngram_7_0.2_pythia-160m_dm_mathematics_10_tau_0p1_gamma_1p0.log
ok,mimir,pythia-160m,iamgroot42/mimir,ngram_7_0.2,dm_mathematics,10,0.2,0,90.1,83.5,40.5,46.8,67.1,wpmia_mimir_ngram_7_0.2_pythia-160m_dm_mathematics_10_tau_0p2_gamma_0,simmia_out/mimir/ngram_7_0.2/pythia-160m/dm_mathematics/10,simmia_out/mimir/ngram_7_0.2/pythia-160m/dm_mathematics/10/wpmia_mimir_ngram_7_0.2_pythia-160m_dm_mathematics_10_tau_0p2_gamma_0_roc_tpr_at_5_fpr.png,logs/wpmia/20260524_082806_mimir_wpmia/mimir_ngram_7_0.2_pythia-160m_dm_mathematics_10_tau_0p2_gamma_0.log
ok,mimir,pythia-160m,iamgroot42/mimir,ngram_7_0.2,dm_mathematics,10,0.2,0.25,90.2,83.5,38.0,46.8,68.4,wpmia_mimir_ngram_7_0.2_pythia-160m_dm_mathematics_10_tau_0p2_gamma_0p25,simmia_out/mimir/ngram_7_0.2/pythia-160m/dm_mathematics/10,simmia_out/mimir/ngram_7_0.2/pythia-160m/dm_mathematics/10/wpmia_mimir_ngram_7_0.2_pythia-160m_dm_mathematics_10_tau_0p2_gamma_0p25_roc_tpr_at_5_fpr.png,logs/wpmia/20260524_082806_mimir_wpmia/mimir_ngram_7_0.2_pythia-160m_dm_mathematics_10_tau_0p2_gamma_0p25.log
ok,mimir,pythia-160m,iamgroot42/mimir,ngram_7_0.2,dm_mathematics,10,0.2,0.5,90.2,84.2,35.4,40.5,68.4,wpmia_mimir_ngram_7_0.2_pythia-160m_dm_mathematics_10_tau_0p2_gamma_0p5,simmia_out/mimir/ngram_7_0.2/pythia-160m/dm_mathematics/10,simmia_out/mimir/ngram_7_0.2/pythia-160m/dm_mathematics/10/wpmia_mimir_ngram_7_0.2_pythia-160m_dm_mathematics_10_tau_0p2_gamma_0p5_roc_tpr_at_5_fpr.png,logs/wpmia/20260524_082806_mimir_wpmia/mimir_ngram_7_0.2_pythia-160m_dm_mathematics_10_tau_0p2_gamma_0p5.log
ok,mimir,pythia-160m,iamgroot42/mimir,ngram_7_0.2,dm_mathematics,10,0.2,0.75,90.4,83.5,36.7,39.2,73.4,wpmia_mimir_ngram_7_0.2_pythia-160m_dm_mathematics_10_tau_0p2_gamma_0p75,simmia_out/mimir/ngram_7_0.2/pythia-160m/dm_mathematics/10,simmia_out/mimir/ngram_7_0.2/pythia-160m/dm_mathematics/10/wpmia_mimir_ngram_7_0.2_pythia-160m_dm_mathematics_10_tau_0p2_gamma_0p75_roc_tpr_at_5_fpr.png,logs/wpmia/20260524_082806_mimir_wpmia/mimir_ngram_7_0.2_pythia-160m_dm_mathematics_10_tau_0p2_gamma_0p75.log
ok,mimir,pythia-160m,iamgroot42/mimir,ngram_7_0.2,dm_mathematics,10,0.2,1.0,45.4,57.6,11.4,19.0,19.0,wpmia_mimir_ngram_7_0.2_pythia-160m_dm_mathematics_10_tau_0p2_gamma_1p0,simmia_out/mimir/ngram_7_0.2/pythia-160m/dm_mathematics/10,simmia_out/mimir/ngram_7_0.2/pythia-160m/dm_mathematics/10/wpmia_mimir_ngram_7_0.2_pythia-160m_dm_mathematics_10_tau_0p2_gamma_1p0_roc_tpr_at_5_fpr.png,logs/wpmia/20260524_082806_mimir_wpmia/mimir_ngram_7_0.2_pythia-160m_dm_mathematics_10_tau_0p2_gamma_1p0.log
ok,mimir,pythia-160m,iamgroot42/mimir,ngram_7_0.2,dm_mathematics,10,0.5,0,87.7,80.4,49.4,49.4,55.7,wpmia_mimir_ngram_7_0.2_pythia-160m_dm_mathematics_10_tau_0p5_gamma_0,simmia_out/mimir/ngram_7_0.2/pythia-160m/dm_mathematics/10,simmia_out/mimir/ngram_7_0.2/pythia-160m/dm_mathematics/10/wpmia_mimir_ngram_7_0.2_pythia-160m_dm_mathematics_10_tau_0p5_gamma_0_roc_tpr_at_5_fpr.png,logs/wpmia/20260524_082806_mimir_wpmia/mimir_ngram_7_0.2_pythia-160m_dm_mathematics_10_tau_0p5_gamma_0.log
ok,mimir,pythia-160m,iamgroot42/mimir,ngram_7_0.2,dm_mathematics,10,0.5,0.25,87.8,80.4,46.8,49.4,54.4,wpmia_mimir_ngram_7_0.2_pythia-160m_dm_mathematics_10_tau_0p5_gamma_0p25,simmia_out/mimir/ngram_7_0.2/pythia-160m/dm_mathematics/10,simmia_out/mimir/ngram_7_0.2/pythia-160m/dm_mathematics/10/wpmia_mimir_ngram_7_0.2_pythia-160m_dm_mathematics_10_tau_0p5_gamma_0p25_roc_tpr_at_5_fpr.png,logs/wpmia/20260524_082806_mimir_wpmia/mimir_ngram_7_0.2_pythia-160m_dm_mathematics_10_tau_0p5_gamma_0p25.log
ok,mimir,pythia-160m,iamgroot42/mimir,ngram_7_0.2,dm_mathematics,10,0.5,0.5,87.8,81.0,39.2,45.6,59.5,wpmia_mimir_ngram_7_0.2_pythia-160m_dm_mathematics_10_tau_0p5_gamma_0p5,simmia_out/mimir/ngram_7_0.2/pythia-160m/dm_mathematics/10,simmia_out/mimir/ngram_7_0.2/pythia-160m/dm_mathematics/10/wpmia_mimir_ngram_7_0.2_pythia-160m_dm_mathematics_10_tau_0p5_gamma_0p5_roc_tpr_at_5_fpr.png,logs/wpmia/20260524_082806_mimir_wpmia/mimir_ngram_7_0.2_pythia-160m_dm_mathematics_10_tau_0p5_gamma_0p5.log
ok,mimir,pythia-160m,iamgroot42/mimir,ngram_7_0.2,dm_mathematics,10,0.5,0.75,87.0,79.7,30.4,36.7,57.0,wpmia_mimir_ngram_7_0.2_pythia-160m_dm_mathematics_10_tau_0p5_gamma_0p75,simmia_out/mimir/ngram_7_0.2/pythia-160m/dm_mathematics/10,simmia_out/mimir/ngram_7_0.2/pythia-160m/dm_mathematics/10/wpmia_mimir_ngram_7_0.2_pythia-160m_dm_mathematics_10_tau_0p5_gamma_0p75_roc_tpr_at_5_fpr.png,logs/wpmia/20260524_082806_mimir_wpmia/mimir_ngram_7_0.2_pythia-160m_dm_mathematics_10_tau_0p5_gamma_0p75.log
ok,mimir,pythia-160m,iamgroot42/mimir,ngram_7_0.2,dm_mathematics,10,0.5,1.0,45.3,53.8,2.5,11.4,12.7,wpmia_mimir_ngram_7_0.2_pythia-160m_dm_mathematics_10_tau_0p5_gamma_1p0,simmia_out/mimir/ngram_7_0.2/pythia-160m/dm_mathematics/10,simmia_out/mimir/ngram_7_0.2/pythia-160m/dm_mathematics/10/wpmia_mimir_ngram_7_0.2_pythia-160m_dm_mathematics_10_tau_0p5_gamma_1p0_roc_tpr_at_5_fpr.png,logs/wpmia/20260524_082806_mimir_wpmia/mimir_ngram_7_0.2_pythia-160m_dm_mathematics_10_tau_0p5_gamma_1p0.log
ok,mimir,pythia-160m,iamgroot42/mimir,ngram_7_0.2,github,10,0.03,0,87.4,80.4,40.3,59.3,68.2,wpmia_mimir_ngram_7_0.2_pythia-160m_github_10_tau_0p03_gamma_0,simmia_out/mimir/ngram_7_0.2/pythia-160m/github/10,simmia_out/mimir/ngram_7_0.2/pythia-160m/github/10/wpmia_mimir_ngram_7_0.2_pythia-160m_github_10_tau_0p03_gamma_0_roc_tpr_at_5_fpr.png,logs/wpmia/20260524_082806_mimir_wpmia/mimir_ngram_7_0.2_pythia-160m_github_10_tau_0p03_gamma_0.log
ok,mimir,pythia-160m,iamgroot42/mimir,ngram_7_0.2,github,10,0.03,0.25,87.3,80.2,38.8,58.1,67.4,wpmia_mimir_ngram_7_0.2_pythia-160m_github_10_tau_0p03_gamma_0p25,simmia_out/mimir/ngram_7_0.2/pythia-160m/github/10,simmia_out/mimir/ngram_7_0.2/pythia-160m/github/10/wpmia_mimir_ngram_7_0.2_pythia-160m_github_10_tau_0p03_gamma_0p25_roc_tpr_at_5_fpr.png,logs/wpmia/20260524_082806_mimir_wpmia/mimir_ngram_7_0.2_pythia-160m_github_10_tau_0p03_gamma_0p25.log
ok,mimir,pythia-160m,iamgroot42/mimir,ngram_7_0.2,github,10,0.03,0.5,87.0,80.0,35.7,57.0,67.1,wpmia_mimir_ngram_7_0.2_pythia-160m_github_10_tau_0p03_gamma_0p5,simmia_out/mimir/ngram_7_0.2/pythia-160m/github/10,simmia_out/mimir/ngram_7_0.2/pythia-160m/github/10/wpmia_mimir_ngram_7_0.2_pythia-160m_github_10_tau_0p03_gamma_0p5_roc_tpr_at_5_fpr.png,logs/wpmia/20260524_082806_mimir_wpmia/mimir_ngram_7_0.2_pythia-160m_github_10_tau_0p03_gamma_0p5.log
ok,mimir,pythia-160m,iamgroot42/mimir,ngram_7_0.2,github,10,0.03,0.75,85.0,78.7,30.6,50.4,64.0,wpmia_mimir_ngram_7_0.2_pythia-160m_github_10_tau_0p03_gamma_0p75,simmia_out/mimir/ngram_7_0.2/pythia-160m/github/10,simmia_out/mimir/ngram_7_0.2/pythia-160m/github/10/wpmia_mimir_ngram_7_0.2_pythia-160m_github_10_tau_0p03_gamma_0p75_roc_tpr_at_5_fpr.png,logs/wpmia/20260524_082806_mimir_wpmia/mimir_ngram_7_0.2_pythia-160m_github_10_tau_0p03_gamma_0p75.log
ok,mimir,pythia-160m,iamgroot42/mimir,ngram_7_0.2,github,10,0.03,1.0,33.5,50.6,1.6,4.3,8.9,wpmia_mimir_ngram_7_0.2_pythia-160m_github_10_tau_0p03_gamma_1p0,simmia_out/mimir/ngram_7_0.2/pythia-160m/github/10,simmia_out/mimir/ngram_7_0.2/pythia-160m/github/10/wpmia_mimir_ngram_7_0.2_pythia-160m_github_10_tau_0p03_gamma_1p0_roc_tpr_at_5_fpr.png,logs/wpmia/20260524_082806_mimir_wpmia/mimir_ngram_7_0.2_pythia-160m_github_10_tau_0p03_gamma_1p0.log
ok,mimir,pythia-160m,iamgroot42/mimir,ngram_7_0.2,github,10,0.05,0,87.0,80.2,42.6,54.3,68.2,wpmia_mimir_ngram_7_0.2_pythia-160m_github_10_tau_0p05_gamma_0,simmia_out/mimir/ngram_7_0.2/pythia-160m/github/10,simmia_out/mimir/ngram_7_0.2/pythia-160m/github/10/wpmia_mimir_ngram_7_0.2_pythia-160m_github_10_tau_0p05_gamma_0_roc_tpr_at_5_fpr.png,logs/wpmia/20260524_082806_mimir_wpmia/mimir_ngram_7_0.2_pythia-160m_github_10_tau_0p05_gamma_0.log
ok,mimir,pythia-160m,iamgroot42/mimir,ngram_7_0.2,github,10,0.05,0.25,86.9,80.0,42.2,54.7,67.8,wpmia_mimir_ngram_7_0.2_pythia-160m_github_10_tau_0p05_gamma_0p25,simmia_out/mimir/ngram_7_0.2/pythia-160m/github/10,simmia_out/mimir/ngram_7_0.2/pythia-160m/github/10/wpmia_mimir_ngram_7_0.2_pythia-160m_github_10_tau_0p05_gamma_0p25_roc_tpr_at_5_fpr.png,logs/wpmia/20260524_082806_mimir_wpmia/mimir_ngram_7_0.2_pythia-160m_github_10_tau_0p05_gamma_0p25.log
ok,mimir,pythia-160m,iamgroot42/mimir,ngram_7_0.2,github,10,0.05,0.5,86.6,80.2,40.3,55.0,67.4,wpmia_mimir_ngram_7_0.2_pythia-160m_github_10_tau_0p05_gamma_0p5,simmia_out/mimir/ngram_7_0.2/pythia-160m/github/10,simmia_out/mimir/ngram_7_0.2/pythia-160m/github/10/wpmia_mimir_ngram_7_0.2_pythia-160m_github_10_tau_0p05_gamma_0p5_roc_tpr_at_5_fpr.png,logs/wpmia/20260524_082806_mimir_wpmia/mimir_ngram_7_0.2_pythia-160m_github_10_tau_0p05_gamma_0p5.log
ok,mimir,pythia-160m,iamgroot42/mimir,ngram_7_0.2,github,10,0.05,0.75,84.9,79.1,35.3,54.7,64.7,wpmia_mimir_ngram_7_0.2_pythia-160m_github_10_tau_0p05_gamma_0p75,simmia_out/mimir/ngram_7_0.2/pythia-160m/github/10,simmia_out/mimir/ngram_7_0.2/pythia-160m/github/10/wpmia_mimir_ngram_7_0.2_pythia-160m_github_10_tau_0p05_gamma_0p75_roc_tpr_at_5_fpr.png,logs/wpmia/20260524_082806_mimir_wpmia/mimir_ngram_7_0.2_pythia-160m_github_10_tau_0p05_gamma_0p75.log
ok,mimir,pythia-160m,iamgroot42/mimir,ngram_7_0.2,github,10,0.05,1.0,39.0,51.2,2.7,5.8,9.7,wpmia_mimir_ngram_7_0.2_pythia-160m_github_10_tau_0p05_gamma_1p0,simmia_out/mimir/ngram_7_0.2/pythia-160m/github/10,simmia_out/mimir/ngram_7_0.2/pythia-160m/github/10/wpmia_mimir_ngram_7_0.2_pythia-160m_github_10_tau_0p05_gamma_1p0_roc_tpr_at_5_fpr.png,logs/wpmia/20260524_082806_mimir_wpmia/mimir_ngram_7_0.2_pythia-160m_github_10_tau_0p05_gamma_1p0.log
ok,mimir,pythia-160m,iamgroot42/mimir,ngram_7_0.2,github,10,0.1,0,86.7,80.8,41.1,53.5,66.7,wpmia_mimir_ngram_7_0.2_pythia-160m_github_10_tau_0p1_gamma_0,simmia_out/mimir/ngram_7_0.2/pythia-160m/github/10,simmia_out/mimir/ngram_7_0.2/pythia-160m/github/10/wpmia_mimir_ngram_7_0.2_pythia-160m_github_10_tau_0p1_gamma_0_roc_tpr_at_5_fpr.png,logs/wpmia/20260524_082806_mimir_wpmia/mimir_ngram_7_0.2_pythia-160m_github_10_tau_0p1_gamma_0.log
ok,mimir,pythia-160m,iamgroot42/mimir,ngram_7_0.2,github,10,0.1,0.25,86.6,81.0,40.7,53.9,66.3,wpmia_mimir_ngram_7_0.2_pythia-160m_github_10_tau_0p1_gamma_0p25,simmia_out/mimir/ngram_7_0.2/pythia-160m/github/10,simmia_out/mimir/ngram_7_0.2/pythia-160m/github/10/wpmia_mimir_ngram_7_0.2_pythia-160m_github_10_tau_0p1_gamma_0p25_roc_tpr_at_5_fpr.png,logs/wpmia/20260524_082806_mimir_wpmia/mimir_ngram_7_0.2_pythia-160m_github_10_tau_0p1_gamma_0p25.log
ok,mimir,pythia-160m,iamgroot42/mimir,ngram_7_0.2,github,10,0.1,0.5,86.2,80.4,37.6,54.7,65.1,wpmia_mimir_ngram_7_0.2_pythia-160m_github_10_tau_0p1_gamma_0p5,simmia_out/mimir/ngram_7_0.2/pythia-160m/github/10,simmia_out/mimir/ngram_7_0.2/pythia-160m/github/10/wpmia_mimir_ngram_7_0.2_pythia-160m_github_10_tau_0p1_gamma_0p5_roc_tpr_at_5_fpr.png,logs/wpmia/20260524_082806_mimir_wpmia/mimir_ngram_7_0.2_pythia-160m_github_10_tau_0p1_gamma_0p5.log
ok,mimir,pythia-160m,iamgroot42/mimir,ngram_7_0.2,github,10,0.1,0.75,84.2,78.7,35.3,51.9,64.3,wpmia_mimir_ngram_7_0.2_pythia-160m_github_10_tau_0p1_gamma_0p75,simmia_out/mimir/ngram_7_0.2/pythia-160m/github/10,simmia_out/mimir/ngram_7_0.2/pythia-160m/github/10/wpmia_mimir_ngram_7_0.2_pythia-160m_github_10_tau_0p1_gamma_0p75_roc_tpr_at_5_fpr.png,logs/wpmia/20260524_082806_mimir_wpmia/mimir_ngram_7_0.2_pythia-160m_github_10_tau_0p1_gamma_0p75.log
ok,mimir,pythia-160m,iamgroot42/mimir,ngram_7_0.2,github,10,0.1,1.0,39.6,51.9,2.7,7.4,10.9,wpmia_mimir_ngram_7_0.2_pythia-160m_github_10_tau_0p1_gamma_1p0,simmia_out/mimir/ngram_7_0.2/pythia-160m/github/10,simmia_out/mimir/ngram_7_0.2/pythia-160m/github/10/wpmia_mimir_ngram_7_0.2_pythia-160m_github_10_tau_0p1_gamma_1p0_roc_tpr_at_5_fpr.png,logs/wpmia/20260524_082806_mimir_wpmia/mimir_ngram_7_0.2_pythia-160m_github_10_tau_0p1_gamma_1p0.log
ok,mimir,pythia-160m,iamgroot42/mimir,ngram_7_0.2,github,10,0.2,0,86.1,80.6,33.7,51.6,64.0,wpmia_mimir_ngram_7_0.2_pythia-160m_github_10_tau_0p2_gamma_0,simmia_out/mimir/ngram_7_0.2/pythia-160m/github/10,simmia_out/mimir/ngram_7_0.2/pythia-160m/github/10/wpmia_mimir_ngram_7_0.2_pythia-160m_github_10_tau_0p2_gamma_0_roc_tpr_at_5_fpr.png,logs/wpmia/20260524_082806_mimir_wpmia/mimir_ngram_7_0.2_pythia-160m_github_10_tau_0p2_gamma_0.log
ok,mimir,pythia-160m,iamgroot42/mimir,ngram_7_0.2,github,10,0.2,0.25,85.9,80.8,33.7,50.8,62.8,wpmia_mimir_ngram_7_0.2_pythia-160m_github_10_tau_0p2_gamma_0p25,simmia_out/mimir/ngram_7_0.2/pythia-160m/github/10,simmia_out/mimir/ngram_7_0.2/pythia-160m/github/10/wpmia_mimir_ngram_7_0.2_pythia-160m_github_10_tau_0p2_gamma_0p25_roc_tpr_at_5_fpr.png,logs/wpmia/20260524_082806_mimir_wpmia/mimir_ngram_7_0.2_pythia-160m_github_10_tau_0p2_gamma_0p25.log
ok,mimir,pythia-160m,iamgroot42/mimir,ngram_7_0.2,github,10,0.2,0.5,85.6,80.0,35.3,50.8,64.3,wpmia_mimir_ngram_7_0.2_pythia-160m_github_10_tau_0p2_gamma_0p5,simmia_out/mimir/ngram_7_0.2/pythia-160m/github/10,simmia_out/mimir/ngram_7_0.2/pythia-160m/github/10/wpmia_mimir_ngram_7_0.2_pythia-160m_github_10_tau_0p2_gamma_0p5_roc_tpr_at_5_fpr.png,logs/wpmia/20260524_082806_mimir_wpmia/mimir_ngram_7_0.2_pythia-160m_github_10_tau_0p2_gamma_0p5.log
ok,mimir,pythia-160m,iamgroot42/mimir,ngram_7_0.2,github,10,0.2,0.75,83.0,78.3,35.7,48.4,59.3,wpmia_mimir_ngram_7_0.2_pythia-160m_github_10_tau_0p2_gamma_0p75,simmia_out/mimir/ngram_7_0.2/pythia-160m/github/10,simmia_out/mimir/ngram_7_0.2/pythia-160m/github/10/wpmia_mimir_ngram_7_0.2_pythia-160m_github_10_tau_0p2_gamma_0p75_roc_tpr_at_5_fpr.png,logs/wpmia/20260524_082806_mimir_wpmia/mimir_ngram_7_0.2_pythia-160m_github_10_tau_0p2_gamma_0p75.log
ok,mimir,pythia-160m,iamgroot42/mimir,ngram_7_0.2,github,10,0.2,1.0,38.1,53.5,6.2,9.3,10.1,wpmia_mimir_ngram_7_0.2_pythia-160m_github_10_tau_0p2_gamma_1p0,simmia_out/mimir/ngram_7_0.2/pythia-160m/github/10,simmia_out/mimir/ngram_7_0.2/pythia-160m/github/10/wpmia_mimir_ngram_7_0.2_pythia-160m_github_10_tau_0p2_gamma_1p0_roc_tpr_at_5_fpr.png,logs/wpmia/20260524_082806_mimir_wpmia/mimir_ngram_7_0.2_pythia-160m_github_10_tau_0p2_gamma_1p0.log
ok,mimir,pythia-160m,iamgroot42/mimir,ngram_7_0.2,github,10,0.5,0,85.6,79.8,27.5,49.6,61.6,wpmia_mimir_ngram_7_0.2_pythia-160m_github_10_tau_0p5_gamma_0,simmia_out/mimir/ngram_7_0.2/pythia-160m/github/10,simmia_out/mimir/ngram_7_0.2/pythia-160m/github/10/wpmia_mimir_ngram_7_0.2_pythia-160m_github_10_tau_0p5_gamma_0_roc_tpr_at_5_fpr.png,logs/wpmia/20260524_082806_mimir_wpmia/mimir_ngram_7_0.2_pythia-160m_github_10_tau_0p5_gamma_0.log
ok,mimir,pythia-160m,iamgroot42/mimir,ngram_7_0.2,github,10,0.5,0.25,85.4,79.5,27.5,49.6,61.2,wpmia_mimir_ngram_7_0.2_pythia-160m_github_10_tau_0p5_gamma_0p25,simmia_out/mimir/ngram_7_0.2/pythia-160m/github/10,simmia_out/mimir/ngram_7_0.2/pythia-160m/github/10/wpmia_mimir_ngram_7_0.2_pythia-160m_github_10_tau_0p5_gamma_0p25_roc_tpr_at_5_fpr.png,logs/wpmia/20260524_082806_mimir_wpmia/mimir_ngram_7_0.2_pythia-160m_github_10_tau_0p5_gamma_0p25.log
ok,mimir,pythia-160m,iamgroot42/mimir,ngram_7_0.2,github,10,0.5,0.5,84.9,78.7,28.3,48.4,61.6,wpmia_mimir_ngram_7_0.2_pythia-160m_github_10_tau_0p5_gamma_0p5,simmia_out/mimir/ngram_7_0.2/pythia-160m/github/10,simmia_out/mimir/ngram_7_0.2/pythia-160m/github/10/wpmia_mimir_ngram_7_0.2_pythia-160m_github_10_tau_0p5_gamma_0p5_roc_tpr_at_5_fpr.png,logs/wpmia/20260524_082806_mimir_wpmia/mimir_ngram_7_0.2_pythia-160m_github_10_tau_0p5_gamma_0p5.log
ok,mimir,pythia-160m,iamgroot42/mimir,ngram_7_0.2,github,10,0.5,0.75,81.7,76.7,31.8,46.9,59.7,wpmia_mimir_ngram_7_0.2_pythia-160m_github_10_tau_0p5_gamma_0p75,simmia_out/mimir/ngram_7_0.2/pythia-160m/github/10,simmia_out/mimir/ngram_7_0.2/pythia-160m/github/10/wpmia_mimir_ngram_7_0.2_pythia-160m_github_10_tau_0p5_gamma_0p75_roc_tpr_at_5_fpr.png,logs/wpmia/20260524_082806_mimir_wpmia/mimir_ngram_7_0.2_pythia-160m_github_10_tau_0p5_gamma_0p75.log
ok,mimir,pythia-160m,iamgroot42/mimir,ngram_7_0.2,github,10,0.5,1.0,36.4,53.3,7.0,8.9,9.7,wpmia_mimir_ngram_7_0.2_pythia-160m_github_10_tau_0p5_gamma_1p0,simmia_out/mimir/ngram_7_0.2/pythia-160m/github/10,simmia_out/mimir/ngram_7_0.2/pythia-160m/github/10/wpmia_mimir_ngram_7_0.2_pythia-160m_github_10_tau_0p5_gamma_1p0_roc_tpr_at_5_fpr.png,logs/wpmia/20260524_082806_mimir_wpmia/mimir_ngram_7_0.2_pythia-160m_github_10_tau_0p5_gamma_1p0.log
ok,mimir,pythia-160m,iamgroot42/mimir,ngram_7_0.2,hackernews,10,0.03,0,54.7,54.2,2.4,8.3,12.4,wpmia_mimir_ngram_7_0.2_pythia-160m_hackernews_10_tau_0p03_gamma_0,simmia_out/mimir/ngram_7_0.2/pythia-160m/hackernews/10,simmia_out/mimir/ngram_7_0.2/pythia-160m/hackernews/10/wpmia_mimir_ngram_7_0.2_pythia-160m_hackernews_10_tau_0p03_gamma_0_roc_tpr_at_5_fpr.png,logs/wpmia/20260524_082806_mimir_wpmia/mimir_ngram_7_0.2_pythia-160m_hackernews_10_tau_0p03_gamma_0.log
ok,mimir,pythia-160m,iamgroot42/mimir,ngram_7_0.2,hackernews,10,0.03,0.25,54.1,53.8,2.2,8.3,11.6,wpmia_mimir_ngram_7_0.2_pythia-160m_hackernews_10_tau_0p03_gamma_0p25,simmia_out/mimir/ngram_7_0.2/pythia-160m/hackernews/10,simmia_out/mimir/ngram_7_0.2/pythia-160m/hackernews/10/wpmia_mimir_ngram_7_0.2_pythia-160m_hackernews_10_tau_0p03_gamma_0p25_roc_tpr_at_5_fpr.png,logs/wpmia/20260524_082806_mimir_wpmia/mimir_ngram_7_0.2_pythia-160m_hackernews_10_tau_0p03_gamma_0p25.log
ok,mimir,pythia-160m,iamgroot42/mimir,ngram_7_0.2,hackernews,10,0.03,0.5,52.9,53.1,2.7,8.5,12.1,wpmia_mimir_ngram_7_0.2_pythia-160m_hackernews_10_tau_0p03_gamma_0p5,simmia_out/mimir/ngram_7_0.2/pythia-160m/hackernews/10,simmia_out/mimir/ngram_7_0.2/pythia-160m/hackernews/10/wpmia_mimir_ngram_7_0.2_pythia-160m_hackernews_10_tau_0p03_gamma_0p5_roc_tpr_at_5_fpr.png,logs/wpmia/20260524_082806_mimir_wpmia/mimir_ngram_7_0.2_pythia-160m_hackernews_10_tau_0p03_gamma_0p5.log
ok,mimir,pythia-160m,iamgroot42/mimir,ngram_7_0.2,hackernews,10,0.03,0.75,50.5,52.0,1.7,7.7,11.0,wpmia_mimir_ngram_7_0.2_pythia-160m_hackernews_10_tau_0p03_gamma_0p75,simmia_out/mimir/ngram_7_0.2/pythia-160m/hackernews/10,simmia_out/mimir/ngram_7_0.2/pythia-160m/hackernews/10/wpmia_mimir_ngram_7_0.2_pythia-160m_hackernews_10_tau_0p03_gamma_0p75_roc_tpr_at_5_fpr.png,logs/wpmia/20260524_082806_mimir_wpmia/mimir_ngram_7_0.2_pythia-160m_hackernews_10_tau_0p03_gamma_0p75.log
ok,mimir,pythia-160m,iamgroot42/mimir,ngram_7_0.2,hackernews,10,0.03,1.0,46.0,50.3,0.2,5.3,9.6,wpmia_mimir_ngram_7_0.2_pythia-160m_hackernews_10_tau_0p03_gamma_1p0,simmia_out/mimir/ngram_7_0.2/pythia-160m/hackernews/10,simmia_out/mimir/ngram_7_0.2/pythia-160m/hackernews/10/wpmia_mimir_ngram_7_0.2_pythia-160m_hackernews_10_tau_0p03_gamma_1p0_roc_tpr_at_5_fpr.png,logs/wpmia/20260524_082806_mimir_wpmia/mimir_ngram_7_0.2_pythia-160m_hackernews_10_tau_0p03_gamma_1p0.log
ok,mimir,pythia-160m,iamgroot42/mimir,ngram_7_0.2,hackernews,10,0.05,0,54.4,54.4,2.4,8.6,11.5,wpmia_mimir_ngram_7_0.2_pythia-160m_hackernews_10_tau_0p05_gamma_0,simmia_out/mimir/ngram_7_0.2/pythia-160m/hackernews/10,simmia_out/mimir/ngram_7_0.2/pythia-160m/hackernews/10/wpmia_mimir_ngram_7_0.2_pythia-160m_hackernews_10_tau_0p05_gamma_0_roc_tpr_at_5_fpr.png,logs/wpmia/20260524_082806_mimir_wpmia/mimir_ngram_7_0.2_pythia-160m_hackernews_10_tau_0p05_gamma_0.log
ok,mimir,pythia-160m,iamgroot42/mimir,ngram_7_0.2,hackernews,10,0.05,0.25,53.7,53.7,2.0,8.2,11.5,wpmia_mimir_ngram_7_0.2_pythia-160m_hackernews_10_tau_0p05_gamma_0p25,simmia_out/mimir/ngram_7_0.2/pythia-160m/hackernews/10,simmia_out/mimir/ngram_7_0.2/pythia-160m/hackernews/10/wpmia_mimir_ngram_7_0.2_pythia-160m_hackernews_10_tau_0p05_gamma_0p25_roc_tpr_at_5_fpr.png,logs/wpmia/20260524_082806_mimir_wpmia/mimir_ngram_7_0.2_pythia-160m_hackernews_10_tau_0p05_gamma_0p25.log
ok,mimir,pythia-160m,iamgroot42/mimir,ngram_7_0.2,hackernews,10,0.05,0.5,52.3,52.3,2.2,7.5,12.1,wpmia_mimir_ngram_7_0.2_pythia-160m_hackernews_10_tau_0p05_gamma_0p5,simmia_out/mimir/ngram_7_0.2/pythia-160m/hackernews/10,simmia_out/mimir/ngram_7_0.2/pythia-160m/hackernews/10/wpmia_mimir_ngram_7_0.2_pythia-160m_hackernews_10_tau_0p05_gamma_0p5_roc_tpr_at_5_fpr.png,logs/wpmia/20260524_082806_mimir_wpmia/mimir_ngram_7_0.2_pythia-160m_hackernews_10_tau_0p05_gamma_0p5.log
ok,mimir,pythia-160m,iamgroot42/mimir,ngram_7_0.2,hackernews,10,0.05,0.75,49.7,51.3,2.4,6.4,11.2,wpmia_mimir_ngram_7_0.2_pythia-160m_hackernews_10_tau_0p05_gamma_0p75,simmia_out/mimir/ngram_7_0.2/pythia-160m/hackernews/10,simmia_out/mimir/ngram_7_0.2/pythia-160m/hackernews/10/wpmia_mimir_ngram_7_0.2_pythia-160m_hackernews_10_tau_0p05_gamma_0p75_roc_tpr_at_5_fpr.png,logs/wpmia/20260524_082806_mimir_wpmia/mimir_ngram_7_0.2_pythia-160m_hackernews_10_tau_0p05_gamma_0p75.log
ok,mimir,pythia-160m,iamgroot42/mimir,ngram_7_0.2,hackernews,10,0.05,1.0,44.9,50.1,0.6,4.2,8.6,wpmia_mimir_ngram_7_0.2_pythia-160m_hackernews_10_tau_0p05_gamma_1p0,simmia_out/mimir/ngram_7_0.2/pythia-160m/hackernews/10,simmia_out/mimir/ngram_7_0.2/pythia-160m/hackernews/10/wpmia_mimir_ngram_7_0.2_pythia-160m_hackernews_10_tau_0p05_gamma_1p0_roc_tpr_at_5_fpr.png,logs/wpmia/20260524_082806_mimir_wpmia/mimir_ngram_7_0.2_pythia-160m_hackernews_10_tau_0p05_gamma_1p0.log
ok,mimir,pythia-160m,iamgroot42/mimir,ngram_7_0.2,hackernews,10,0.1,0,53.7,53.5,3.1,8.2,11.8,wpmia_mimir_ngram_7_0.2_pythia-160m_hackernews_10_tau_0p1_gamma_0,simmia_out/mimir/ngram_7_0.2/pythia-160m/hackernews/10,simmia_out/mimir/ngram_7_0.2/pythia-160m/hackernews/10/wpmia_mimir_ngram_7_0.2_pythia-160m_hackernews_10_tau_0p1_gamma_0_roc_tpr_at_5_fpr.png,logs/wpmia/20260524_082806_mimir_wpmia/mimir_ngram_7_0.2_pythia-160m_hackernews_10_tau_0p1_gamma_0.log
ok,mimir,pythia-160m,iamgroot42/mimir,ngram_7_0.2,hackernews,10,0.1,0.25,53.1,52.8,3.8,7.7,12.1,wpmia_mimir_ngram_7_0.2_pythia-160m_hackernews_10_tau_0p1_gamma_0p25,simmia_out/mimir/ngram_7_0.2/pythia-160m/hackernews/10,simmia_out/mimir/ngram_7_0.2/pythia-160m/hackernews/10/wpmia_mimir_ngram_7_0.2_pythia-160m_hackernews_10_tau_0p1_gamma_0p25_roc_tpr_at_5_fpr.png,logs/wpmia/20260524_082806_mimir_wpmia/mimir_ngram_7_0.2_pythia-160m_hackernews_10_tau_0p1_gamma_0p25.log
ok,mimir,pythia-160m,iamgroot42/mimir,ngram_7_0.2,hackernews,10,0.1,0.5,51.8,52.0,3.5,7.2,11.6,wpmia_mimir_ngram_7_0.2_pythia-160m_hackernews_10_tau_0p1_gamma_0p5,simmia_out/mimir/ngram_7_0.2/pythia-160m/hackernews/10,simmia_out/mimir/ngram_7_0.2/pythia-160m/hackernews/10/wpmia_mimir_ngram_7_0.2_pythia-160m_hackernews_10_tau_0p1_gamma_0p5_roc_tpr_at_5_fpr.png,logs/wpmia/20260524_082806_mimir_wpmia/mimir_ngram_7_0.2_pythia-160m_hackernews_10_tau_0p1_gamma_0p5.log
ok,mimir,pythia-160m,iamgroot42/mimir,ngram_7_0.2,hackernews,10,0.1,0.75,49.3,51.3,2.2,6.3,10.7,wpmia_mimir_ngram_7_0.2_pythia-160m_hackernews_10_tau_0p1_gamma_0p75,simmia_out/mimir/ngram_7_0.2/pythia-160m/hackernews/10,simmia_out/mimir/ngram_7_0.2/pythia-160m/hackernews/10/wpmia_mimir_ngram_7_0.2_pythia-160m_hackernews_10_tau_0p1_gamma_0p75_roc_tpr_at_5_fpr.png,logs/wpmia/20260524_082806_mimir_wpmia/mimir_ngram_7_0.2_pythia-160m_hackernews_10_tau_0p1_gamma_0p75.log
ok,mimir,pythia-160m,iamgroot42/mimir,ngram_7_0.2,hackernews,10,0.1,1.0,44.6,50.3,1.1,4.2,8.6,wpmia_mimir_ngram_7_0.2_pythia-160m_hackernews_10_tau_0p1_gamma_1p0,simmia_out/mimir/ngram_7_0.2/pythia-160m/hackernews/10,simmia_out/mimir/ngram_7_0.2/pythia-160m/hackernews/10/wpmia_mimir_ngram_7_0.2_pythia-160m_hackernews_10_tau_0p1_gamma_1p0_roc_tpr_at_5_fpr.png,logs/wpmia/20260524_082806_mimir_wpmia/mimir_ngram_7_0.2_pythia-160m_hackernews_10_tau_0p1_gamma_1p0.log
ok,mimir,pythia-160m,iamgroot42/mimir,ngram_7_0.2,hackernews,10,0.2,0,53.1,53.0,2.2,7.5,14.0,wpmia_mimir_ngram_7_0.2_pythia-160m_hackernews_10_tau_0p2_gamma_0,simmia_out/mimir/ngram_7_0.2/pythia-160m/hackernews/10,simmia_out/mimir/ngram_7_0.2/pythia-160m/hackernews/10/wpmia_mimir_ngram_7_0.2_pythia-160m_hackernews_10_tau_0p2_gamma_0_roc_tpr_at_5_fpr.png,logs/wpmia/20260524_082806_mimir_wpmia/mimir_ngram_7_0.2_pythia-160m_hackernews_10_tau_0p2_gamma_0.log
ok,mimir,pythia-160m,iamgroot42/mimir,ngram_7_0.2,hackernews,10,0.2,0.25,52.6,52.6,2.2,7.7,13.2,wpmia_mimir_ngram_7_0.2_pythia-160m_hackernews_10_tau_0p2_gamma_0p25,simmia_out/mimir/ngram_7_0.2/pythia-160m/hackernews/10,simmia_out/mimir/ngram_7_0.2/pythia-160m/hackernews/10/wpmia_mimir_ngram_7_0.2_pythia-160m_hackernews_10_tau_0p2_gamma_0p25_roc_tpr_at_5_fpr.png,logs/wpmia/20260524_082806_mimir_wpmia/mimir_ngram_7_0.2_pythia-160m_hackernews_10_tau_0p2_gamma_0p25.log
ok,mimir,pythia-160m,iamgroot42/mimir,ngram_7_0.2,hackernews,10,0.2,0.5,51.5,52.1,3.3,7.9,13.8,wpmia_mimir_ngram_7_0.2_pythia-160m_hackernews_10_tau_0p2_gamma_0p5,simmia_out/mimir/ngram_7_0.2/pythia-160m/hackernews/10,simmia_out/mimir/ngram_7_0.2/pythia-160m/hackernews/10/wpmia_mimir_ngram_7_0.2_pythia-160m_hackernews_10_tau_0p2_gamma_0p5_roc_tpr_at_5_fpr.png,logs/wpmia/20260524_082806_mimir_wpmia/mimir_ngram_7_0.2_pythia-160m_hackernews_10_tau_0p2_gamma_0p5.log
ok,mimir,pythia-160m,iamgroot42/mimir,ngram_7_0.2,hackernews,10,0.2,0.75,49.1,51.7,2.4,7.5,11.3,wpmia_mimir_ngram_7_0.2_pythia-160m_hackernews_10_tau_0p2_gamma_0p75,simmia_out/mimir/ngram_7_0.2/pythia-160m/hackernews/10,simmia_out/mimir/ngram_7_0.2/pythia-160m/hackernews/10/wpmia_mimir_ngram_7_0.2_pythia-160m_hackernews_10_tau_0p2_gamma_0p75_roc_tpr_at_5_fpr.png,logs/wpmia/20260524_082806_mimir_wpmia/mimir_ngram_7_0.2_pythia-160m_hackernews_10_tau_0p2_gamma_0p75.log
ok,mimir,pythia-160m,iamgroot42/mimir,ngram_7_0.2,hackernews,10,0.2,1.0,44.6,50.2,0.8,4.1,8.5,wpmia_mimir_ngram_7_0.2_pythia-160m_hackernews_10_tau_0p2_gamma_1p0,simmia_out/mimir/ngram_7_0.2/pythia-160m/hackernews/10,simmia_out/mimir/ngram_7_0.2/pythia-160m/hackernews/10/wpmia_mimir_ngram_7_0.2_pythia-160m_hackernews_10_tau_0p2_gamma_1p0_roc_tpr_at_5_fpr.png,logs/wpmia/20260524_082806_mimir_wpmia/mimir_ngram_7_0.2_pythia-160m_hackernews_10_tau_0p2_gamma_1p0.log
ok,mimir,pythia-160m,iamgroot42/mimir,ngram_7_0.2,hackernews,10,0.5,0,53.0,52.7,2.4,7.7,12.4,wpmia_mimir_ngram_7_0.2_pythia-160m_hackernews_10_tau_0p5_gamma_0,simmia_out/mimir/ngram_7_0.2/pythia-160m/hackernews/10,simmia_out/mimir/ngram_7_0.2/pythia-160m/hackernews/10/wpmia_mimir_ngram_7_0.2_pythia-160m_hackernews_10_tau_0p5_gamma_0_roc_tpr_at_5_fpr.png,logs/wpmia/20260524_082806_mimir_wpmia/mimir_ngram_7_0.2_pythia-160m_hackernews_10_tau_0p5_gamma_0.log
ok,mimir,pythia-160m,iamgroot42/mimir,ngram_7_0.2,hackernews,10,0.5,0.25,52.5,52.5,2.2,7.9,13.2,wpmia_mimir_ngram_7_0.2_pythia-160m_hackernews_10_tau_0p5_gamma_0p25,simmia_out/mimir/ngram_7_0.2/pythia-160m/hackernews/10,simmia_out/mimir/ngram_7_0.2/pythia-160m/hackernews/10/wpmia_mimir_ngram_7_0.2_pythia-160m_hackernews_10_tau_0p5_gamma_0p25_roc_tpr_at_5_fpr.png,logs/wpmia/20260524_082806_mimir_wpmia/mimir_ngram_7_0.2_pythia-160m_hackernews_10_tau_0p5_gamma_0p25.log
ok,mimir,pythia-160m,iamgroot42/mimir,ngram_7_0.2,hackernews,10,0.5,0.5,51.4,52.3,2.2,7.2,13.8,wpmia_mimir_ngram_7_0.2_pythia-160m_hackernews_10_tau_0p5_gamma_0p5,simmia_out/mimir/ngram_7_0.2/pythia-160m/hackernews/10,simmia_out/mimir/ngram_7_0.2/pythia-160m/hackernews/10/wpmia_mimir_ngram_7_0.2_pythia-160m_hackernews_10_tau_0p5_gamma_0p5_roc_tpr_at_5_fpr.png,logs/wpmia/20260524_082806_mimir_wpmia/mimir_ngram_7_0.2_pythia-160m_hackernews_10_tau_0p5_gamma_0p5.log
ok,mimir,pythia-160m,iamgroot42/mimir,ngram_7_0.2,hackernews,10,0.5,0.75,49.0,52.0,1.7,7.5,12.4,wpmia_mimir_ngram_7_0.2_pythia-160m_hackernews_10_tau_0p5_gamma_0p75,simmia_out/mimir/ngram_7_0.2/pythia-160m/hackernews/10,simmia_out/mimir/ngram_7_0.2/pythia-160m/hackernews/10/wpmia_mimir_ngram_7_0.2_pythia-160m_hackernews_10_tau_0p5_gamma_0p75_roc_tpr_at_5_fpr.png,logs/wpmia/20260524_082806_mimir_wpmia/mimir_ngram_7_0.2_pythia-160m_hackernews_10_tau_0p5_gamma_0p75.log
ok,mimir,pythia-160m,iamgroot42/mimir,ngram_7_0.2,hackernews,10,0.5,1.0,44.5,50.2,0.8,3.1,9.6,wpmia_mimir_ngram_7_0.2_pythia-160m_hackernews_10_tau_0p5_gamma_1p0,simmia_out/mimir/ngram_7_0.2/pythia-160m/hackernews/10,simmia_out/mimir/ngram_7_0.2/pythia-160m/hackernews/10/wpmia_mimir_ngram_7_0.2_pythia-160m_hackernews_10_tau_0p5_gamma_1p0_roc_tpr_at_5_fpr.png,logs/wpmia/20260524_082806_mimir_wpmia/mimir_ngram_7_0.2_pythia-160m_hackernews_10_tau_0p5_gamma_1p0.log
ok,mimir,pythia-160m,iamgroot42/mimir,ngram_7_0.2,pile_cc,10,0.03,0,51.5,51.8,3.1,5.8,10.7,wpmia_mimir_ngram_7_0.2_pythia-160m_pile_cc_10_tau_0p03_gamma_0,simmia_out/mimir/ngram_7_0.2/pythia-160m/pile_cc/10,simmia_out/mimir/ngram_7_0.2/pythia-160m/pile_cc/10/wpmia_mimir_ngram_7_0.2_pythia-160m_pile_cc_10_tau_0p03_gamma_0_roc_tpr_at_5_fpr.png,logs/wpmia/20260524_082806_mimir_wpmia/mimir_ngram_7_0.2_pythia-160m_pile_cc_10_tau_0p03_gamma_0.log
ok,mimir,pythia-160m,iamgroot42/mimir,ngram_7_0.2,pile_cc,10,0.03,0.25,47.0,50.0,0.5,4.3,9.0,wpmia_mimir_ngram_7_0.2_pythia-160m_pile_cc_10_tau_0p03_gamma_0p25,simmia_out/mimir/ngram_7_0.2/pythia-160m/pile_cc/10,simmia_out/mimir/ngram_7_0.2/pythia-160m/pile_cc/10/wpmia_mimir_ngram_7_0.2_pythia-160m_pile_cc_10_tau_0p03_gamma_0p25_roc_tpr_at_5_fpr.png,logs/wpmia/20260524_082806_mimir_wpmia/mimir_ngram_7_0.2_pythia-160m_pile_cc_10_tau_0p03_gamma_0p25.log
ok,mimir,pythia-160m,iamgroot42/mimir,ngram_7_0.2,pile_cc,10,0.03,0.5,46.3,50.2,0.6,4.1,7.3,wpmia_mimir_ngram_7_0.2_pythia-160m_pile_cc_10_tau_0p03_gamma_0p5,simmia_out/mimir/ngram_7_0.2/pythia-160m/pile_cc/10,simmia_out/mimir/ngram_7_0.2/pythia-160m/pile_cc/10/wpmia_mimir_ngram_7_0.2_pythia-160m_pile_cc_10_tau_0p03_gamma_0p5_roc_tpr_at_5_fpr.png,logs/wpmia/20260524_082806_mimir_wpmia/mimir_ngram_7_0.2_pythia-160m_pile_cc_10_tau_0p03_gamma_0p5.log
ok,mimir,pythia-160m,iamgroot42/mimir,ngram_7_0.2,pile_cc,10,0.03,0.75,46.1,50.4,0.6,4.2,7.4,wpmia_mimir_ngram_7_0.2_pythia-160m_pile_cc_10_tau_0p03_gamma_0p75,simmia_out/mimir/ngram_7_0.2/pythia-160m/pile_cc/10,simmia_out/mimir/ngram_7_0.2/pythia-160m/pile_cc/10/wpmia_mimir_ngram_7_0.2_pythia-160m_pile_cc_10_tau_0p03_gamma_0p75_roc_tpr_at_5_fpr.png,logs/wpmia/20260524_082806_mimir_wpmia/mimir_ngram_7_0.2_pythia-160m_pile_cc_10_tau_0p03_gamma_0p75.log
ok,mimir,pythia-160m,iamgroot42/mimir,ngram_7_0.2,pile_cc,10,0.03,1.0,46.0,50.3,0.7,4.2,7.2,wpmia_mimir_ngram_7_0.2_pythia-160m_pile_cc_10_tau_0p03_gamma_1p0,simmia_out/mimir/ngram_7_0.2/pythia-160m/pile_cc/10,simmia_out/mimir/ngram_7_0.2/pythia-160m/pile_cc/10/wpmia_mimir_ngram_7_0.2_pythia-160m_pile_cc_10_tau_0p03_gamma_1p0_roc_tpr_at_5_fpr.png,logs/wpmia/20260524_082806_mimir_wpmia/mimir_ngram_7_0.2_pythia-160m_pile_cc_10_tau_0p03_gamma_1p0.log
ok,mimir,pythia-160m,iamgroot42/mimir,ngram_7_0.2,pile_cc,10,0.05,0,51.7,52.4,3.5,6.0,9.6,wpmia_mimir_ngram_7_0.2_pythia-160m_pile_cc_10_tau_0p05_gamma_0,simmia_out/mimir/ngram_7_0.2/pythia-160m/pile_cc/10,simmia_out/mimir/ngram_7_0.2/pythia-160m/pile_cc/10/wpmia_mimir_ngram_7_0.2_pythia-160m_pile_cc_10_tau_0p05_gamma_0_roc_tpr_at_5_fpr.png,logs/wpmia/20260524_082806_mimir_wpmia/mimir_ngram_7_0.2_pythia-160m_pile_cc_10_tau_0p05_gamma_0.log
ok,mimir,pythia-160m,iamgroot42/mimir,ngram_7_0.2,pile_cc,10,0.05,0.25,46.8,50.2,0.4,4.7,9.7,wpmia_mimir_ngram_7_0.2_pythia-160m_pile_cc_10_tau_0p05_gamma_0p25,simmia_out/mimir/ngram_7_0.2/pythia-160m/pile_cc/10,simmia_out/mimir/ngram_7_0.2/pythia-160m/pile_cc/10/wpmia_mimir_ngram_7_0.2_pythia-160m_pile_cc_10_tau_0p05_gamma_0p25_roc_tpr_at_5_fpr.png,logs/wpmia/20260524_082806_mimir_wpmia/mimir_ngram_7_0.2_pythia-160m_pile_cc_10_tau_0p05_gamma_0p25.log
ok,mimir,pythia-160m,iamgroot42/mimir,ngram_7_0.2,pile_cc,10,0.05,0.5,46.2,50.2,0.6,4.6,8.3,wpmia_mimir_ngram_7_0.2_pythia-160m_pile_cc_10_tau_0p05_gamma_0p5,simmia_out/mimir/ngram_7_0.2/pythia-160m/pile_cc/10,simmia_out/mimir/ngram_7_0.2/pythia-160m/pile_cc/10/wpmia_mimir_ngram_7_0.2_pythia-160m_pile_cc_10_tau_0p05_gamma_0p5_roc_tpr_at_5_fpr.png,logs/wpmia/20260524_082806_mimir_wpmia/mimir_ngram_7_0.2_pythia-160m_pile_cc_10_tau_0p05_gamma_0p5.log
ok,mimir,pythia-160m,iamgroot42/mimir,ngram_7_0.2,pile_cc,10,0.05,0.75,46.1,50.4,0.7,4.3,7.7,wpmia_mimir_ngram_7_0.2_pythia-160m_pile_cc_10_tau_0p05_gamma_0p75,simmia_out/mimir/ngram_7_0.2/pythia-160m/pile_cc/10,simmia_out/mimir/ngram_7_0.2/pythia-160m/pile_cc/10/wpmia_mimir_ngram_7_0.2_pythia-160m_pile_cc_10_tau_0p05_gamma_0p75_roc_tpr_at_5_fpr.png,logs/wpmia/20260524_082806_mimir_wpmia/mimir_ngram_7_0.2_pythia-160m_pile_cc_10_tau_0p05_gamma_0p75.log
ok,mimir,pythia-160m,iamgroot42/mimir,ngram_7_0.2,pile_cc,10,0.05,1.0,46.1,50.4,0.7,4.4,7.6,wpmia_mimir_ngram_7_0.2_pythia-160m_pile_cc_10_tau_0p05_gamma_1p0,simmia_out/mimir/ngram_7_0.2/pythia-160m/pile_cc/10,simmia_out/mimir/ngram_7_0.2/pythia-160m/pile_cc/10/wpmia_mimir_ngram_7_0.2_pythia-160m_pile_cc_10_tau_0p05_gamma_1p0_roc_tpr_at_5_fpr.png,logs/wpmia/20260524_082806_mimir_wpmia/mimir_ngram_7_0.2_pythia-160m_pile_cc_10_tau_0p05_gamma_1p0.log
ok,mimir,pythia-160m,iamgroot42/mimir,ngram_7_0.2,pile_cc,10,0.1,0,52.2,52.6,2.7,8.4,11.8,wpmia_mimir_ngram_7_0.2_pythia-160m_pile_cc_10_tau_0p1_gamma_0,simmia_out/mimir/ngram_7_0.2/pythia-160m/pile_cc/10,simmia_out/mimir/ngram_7_0.2/pythia-160m/pile_cc/10/wpmia_mimir_ngram_7_0.2_pythia-160m_pile_cc_10_tau_0p1_gamma_0_roc_tpr_at_5_fpr.png,logs/wpmia/20260524_082806_mimir_wpmia/mimir_ngram_7_0.2_pythia-160m_pile_cc_10_tau_0p1_gamma_0.log
ok,mimir,pythia-160m,iamgroot42/mimir,ngram_7_0.2,pile_cc,10,0.1,0.25,46.6,50.6,0.8,5.6,9.9,wpmia_mimir_ngram_7_0.2_pythia-160m_pile_cc_10_tau_0p1_gamma_0p25,simmia_out/mimir/ngram_7_0.2/pythia-160m/pile_cc/10,simmia_out/mimir/ngram_7_0.2/pythia-160m/pile_cc/10/wpmia_mimir_ngram_7_0.2_pythia-160m_pile_cc_10_tau_0p1_gamma_0p25_roc_tpr_at_5_fpr.png,logs/wpmia/20260524_082806_mimir_wpmia/mimir_ngram_7_0.2_pythia-160m_pile_cc_10_tau_0p1_gamma_0p25.log
ok,mimir,pythia-160m,iamgroot42/mimir,ngram_7_0.2,pile_cc,10,0.1,0.5,46.0,50.2,0.7,4.3,8.2,wpmia_mimir_ngram_7_0.2_pythia-160m_pile_cc_10_tau_0p1_gamma_0p5,simmia_out/mimir/ngram_7_0.2/pythia-160m/pile_cc/10,simmia_out/mimir/ngram_7_0.2/pythia-160m/pile_cc/10/wpmia_mimir_ngram_7_0.2_pythia-160m_pile_cc_10_tau_0p1_gamma_0p5_roc_tpr_at_5_fpr.png,logs/wpmia/20260524_082806_mimir_wpmia/mimir_ngram_7_0.2_pythia-160m_pile_cc_10_tau_0p1_gamma_0p5.log
ok,mimir,pythia-160m,iamgroot42/mimir,ngram_7_0.2,pile_cc,10,0.1,0.75,45.9,50.3,0.7,4.0,8.1,wpmia_mimir_ngram_7_0.2_pythia-160m_pile_cc_10_tau_0p1_gamma_0p75,simmia_out/mimir/ngram_7_0.2/pythia-160m/pile_cc/10,simmia_out/mimir/ngram_7_0.2/pythia-160m/pile_cc/10/wpmia_mimir_ngram_7_0.2_pythia-160m_pile_cc_10_tau_0p1_gamma_0p75_roc_tpr_at_5_fpr.png,logs/wpmia/20260524_082806_mimir_wpmia/mimir_ngram_7_0.2_pythia-160m_pile_cc_10_tau_0p1_gamma_0p75.log
ok,mimir,pythia-160m,iamgroot42/mimir,ngram_7_0.2,pile_cc,10,0.1,1.0,45.9,50.3,0.7,4.3,7.9,wpmia_mimir_ngram_7_0.2_pythia-160m_pile_cc_10_tau_0p1_gamma_1p0,simmia_out/mimir/ngram_7_0.2/pythia-160m/pile_cc/10,simmia_out/mimir/ngram_7_0.2/pythia-160m/pile_cc/10/wpmia_mimir_ngram_7_0.2_pythia-160m_pile_cc_10_tau_0p1_gamma_1p0_roc_tpr_at_5_fpr.png,logs/wpmia/20260524_082806_mimir_wpmia/mimir_ngram_7_0.2_pythia-160m_pile_cc_10_tau_0p1_gamma_1p0.log
ok,mimir,pythia-160m,iamgroot42/mimir,ngram_7_0.2,pile_cc,10,0.2,0,52.0,52.6,2.9,8.8,14.6,wpmia_mimir_ngram_7_0.2_pythia-160m_pile_cc_10_tau_0p2_gamma_0,simmia_out/mimir/ngram_7_0.2/pythia-160m/pile_cc/10,simmia_out/mimir/ngram_7_0.2/pythia-160m/pile_cc/10/wpmia_mimir_ngram_7_0.2_pythia-160m_pile_cc_10_tau_0p2_gamma_0_roc_tpr_at_5_fpr.png,logs/wpmia/20260524_082806_mimir_wpmia/mimir_ngram_7_0.2_pythia-160m_pile_cc_10_tau_0p2_gamma_0.log
ok,mimir,pythia-160m,iamgroot42/mimir,ngram_7_0.2,pile_cc,10,0.2,0.25,46.5,50.4,1.0,5.8,9.7,wpmia_mimir_ngram_7_0.2_pythia-160m_pile_cc_10_tau_0p2_gamma_0p25,simmia_out/mimir/ngram_7_0.2/pythia-160m/pile_cc/10,simmia_out/mimir/ngram_7_0.2/pythia-160m/pile_cc/10/wpmia_mimir_ngram_7_0.2_pythia-160m_pile_cc_10_tau_0p2_gamma_0p25_roc_tpr_at_5_fpr.png,logs/wpmia/20260524_082806_mimir_wpmia/mimir_ngram_7_0.2_pythia-160m_pile_cc_10_tau_0p2_gamma_0p25.log
ok,mimir,pythia-160m,iamgroot42/mimir,ngram_7_0.2,pile_cc,10,0.2,0.5,45.8,50.5,0.7,5.4,7.9,wpmia_mimir_ngram_7_0.2_pythia-160m_pile_cc_10_tau_0p2_gamma_0p5,simmia_out/mimir/ngram_7_0.2/pythia-160m/pile_cc/10,simmia_out/mimir/ngram_7_0.2/pythia-160m/pile_cc/10/wpmia_mimir_ngram_7_0.2_pythia-160m_pile_cc_10_tau_0p2_gamma_0p5_roc_tpr_at_5_fpr.png,logs/wpmia/20260524_082806_mimir_wpmia/mimir_ngram_7_0.2_pythia-160m_pile_cc_10_tau_0p2_gamma_0p5.log
ok,mimir,pythia-160m,iamgroot42/mimir,ngram_7_0.2,pile_cc,10,0.2,0.75,45.7,50.3,0.7,5.1,7.7,wpmia_mimir_ngram_7_0.2_pythia-160m_pile_cc_10_tau_0p2_gamma_0p75,simmia_out/mimir/ngram_7_0.2/pythia-160m/pile_cc/10,simmia_out/mimir/ngram_7_0.2/pythia-160m/pile_cc/10/wpmia_mimir_ngram_7_0.2_pythia-160m_pile_cc_10_tau_0p2_gamma_0p75_roc_tpr_at_5_fpr.png,logs/wpmia/20260524_082806_mimir_wpmia/mimir_ngram_7_0.2_pythia-160m_pile_cc_10_tau_0p2_gamma_0p75.log
ok,mimir,pythia-160m,iamgroot42/mimir,ngram_7_0.2,pile_cc,10,0.2,1.0,45.7,50.2,0.7,4.8,7.8,wpmia_mimir_ngram_7_0.2_pythia-160m_pile_cc_10_tau_0p2_gamma_1p0,simmia_out/mimir/ngram_7_0.2/pythia-160m/pile_cc/10,simmia_out/mimir/ngram_7_0.2/pythia-160m/pile_cc/10/wpmia_mimir_ngram_7_0.2_pythia-160m_pile_cc_10_tau_0p2_gamma_1p0_roc_tpr_at_5_fpr.png,logs/wpmia/20260524_082806_mimir_wpmia/mimir_ngram_7_0.2_pythia-160m_pile_cc_10_tau_0p2_gamma_1p0.log
ok,mimir,pythia-160m,iamgroot42/mimir,ngram_7_0.2,pile_cc,10,0.5,0,52.6,52.7,3.4,8.1,13.3,wpmia_mimir_ngram_7_0.2_pythia-160m_pile_cc_10_tau_0p5_gamma_0,simmia_out/mimir/ngram_7_0.2/pythia-160m/pile_cc/10,simmia_out/mimir/ngram_7_0.2/pythia-160m/pile_cc/10/wpmia_mimir_ngram_7_0.2_pythia-160m_pile_cc_10_tau_0p5_gamma_0_roc_tpr_at_5_fpr.png,logs/wpmia/20260524_082806_mimir_wpmia/mimir_ngram_7_0.2_pythia-160m_pile_cc_10_tau_0p5_gamma_0.log
ok,mimir,pythia-160m,iamgroot42/mimir,ngram_7_0.2,pile_cc,10,0.5,0.25,47.1,50.8,1.0,5.8,10.2,wpmia_mimir_ngram_7_0.2_pythia-160m_pile_cc_10_tau_0p5_gamma_0p25,simmia_out/mimir/ngram_7_0.2/pythia-160m/pile_cc/10,simmia_out/mimir/ngram_7_0.2/pythia-160m/pile_cc/10/wpmia_mimir_ngram_7_0.2_pythia-160m_pile_cc_10_tau_0p5_gamma_0p25_roc_tpr_at_5_fpr.png,logs/wpmia/20260524_082806_mimir_wpmia/mimir_ngram_7_0.2_pythia-160m_pile_cc_10_tau_0p5_gamma_0p25.log
ok,mimir,pythia-160m,iamgroot42/mimir,ngram_7_0.2,pile_cc,10,0.5,0.5,45.9,50.3,0.9,5.3,8.1,wpmia_mimir_ngram_7_0.2_pythia-160m_pile_cc_10_tau_0p5_gamma_0p5,simmia_out/mimir/ngram_7_0.2/pythia-160m/pile_cc/10,simmia_out/mimir/ngram_7_0.2/pythia-160m/pile_cc/10/wpmia_mimir_ngram_7_0.2_pythia-160m_pile_cc_10_tau_0p5_gamma_0p5_roc_tpr_at_5_fpr.png,logs/wpmia/20260524_082806_mimir_wpmia/mimir_ngram_7_0.2_pythia-160m_pile_cc_10_tau_0p5_gamma_0p5.log
ok,mimir,pythia-160m,iamgroot42/mimir,ngram_7_0.2,pile_cc,10,0.5,0.75,45.7,50.2,0.6,5.1,7.7,wpmia_mimir_ngram_7_0.2_pythia-160m_pile_cc_10_tau_0p5_gamma_0p75,simmia_out/mimir/ngram_7_0.2/pythia-160m/pile_cc/10,simmia_out/mimir/ngram_7_0.2/pythia-160m/pile_cc/10/wpmia_mimir_ngram_7_0.2_pythia-160m_pile_cc_10_tau_0p5_gamma_0p75_roc_tpr_at_5_fpr.png,logs/wpmia/20260524_082806_mimir_wpmia/mimir_ngram_7_0.2_pythia-160m_pile_cc_10_tau_0p5_gamma_0p75.log
ok,mimir,pythia-160m,iamgroot42/mimir,ngram_7_0.2,pile_cc,10,0.5,1.0,45.6,50.2,0.8,5.1,7.2,wpmia_mimir_ngram_7_0.2_pythia-160m_pile_cc_10_tau_0p5_gamma_1p0,simmia_out/mimir/ngram_7_0.2/pythia-160m/pile_cc/10,simmia_out/mimir/ngram_7_0.2/pythia-160m/pile_cc/10/wpmia_mimir_ngram_7_0.2_pythia-160m_pile_cc_10_tau_0p5_gamma_1p0_roc_tpr_at_5_fpr.png,logs/wpmia/20260524_082806_mimir_wpmia/mimir_ngram_7_0.2_pythia-160m_pile_cc_10_tau_0p5_gamma_1p0.log
ok,mimir,pythia-160m,iamgroot42/mimir,ngram_7_0.2,pubmed_central,10,0.03,0,69.0,64.7,5.2,18.9,35.3,wpmia_mimir_ngram_7_0.2_pythia-160m_pubmed_central_10_tau_0p03_gamma_0,simmia_out/mimir/ngram_7_0.2/pythia-160m/pubmed_central/10,simmia_out/mimir/ngram_7_0.2/pythia-160m/pubmed_central/10/wpmia_mimir_ngram_7_0.2_pythia-160m_pubmed_central_10_tau_0p03_gamma_0_roc_tpr_at_5_fpr.png,logs/wpmia/20260524_082806_mimir_wpmia/mimir_ngram_7_0.2_pythia-160m_pubmed_central_10_tau_0p03_gamma_0.log
ok,mimir,pythia-160m,iamgroot42/mimir,ngram_7_0.2,pubmed_central,10,0.03,0.25,67.9,63.7,5.0,18.3,33.3,wpmia_mimir_ngram_7_0.2_pythia-160m_pubmed_central_10_tau_0p03_gamma_0p25,simmia_out/mimir/ngram_7_0.2/pythia-160m/pubmed_central/10,simmia_out/mimir/ngram_7_0.2/pythia-160m/pubmed_central/10/wpmia_mimir_ngram_7_0.2_pythia-160m_pubmed_central_10_tau_0p03_gamma_0p25_roc_tpr_at_5_fpr.png,logs/wpmia/20260524_082806_mimir_wpmia/mimir_ngram_7_0.2_pythia-160m_pubmed_central_10_tau_0p03_gamma_0p25.log
ok,mimir,pythia-160m,iamgroot42/mimir,ngram_7_0.2,pubmed_central,10,0.03,0.5,65.2,61.6,4.6,16.6,27.4,wpmia_mimir_ngram_7_0.2_pythia-160m_pubmed_central_10_tau_0p03_gamma_0p5,simmia_out/mimir/ngram_7_0.2/pythia-160m/pubmed_central/10,simmia_out/mimir/ngram_7_0.2/pythia-160m/pubmed_central/10/wpmia_mimir_ngram_7_0.2_pythia-160m_pubmed_central_10_tau_0p03_gamma_0p5_roc_tpr_at_5_fpr.png,logs/wpmia/20260524_082806_mimir_wpmia/mimir_ngram_7_0.2_pythia-160m_pubmed_central_10_tau_0p03_gamma_0p5.log
ok,mimir,pythia-160m,iamgroot42/mimir,ngram_7_0.2,pubmed_central,10,0.03,0.75,58.5,57.3,4.6,12.3,19.8,wpmia_mimir_ngram_7_0.2_pythia-160m_pubmed_central_10_tau_0p03_gamma_0p75,simmia_out/mimir/ngram_7_0.2/pythia-160m/pubmed_central/10,simmia_out/mimir/ngram_7_0.2/pythia-160m/pubmed_central/10/wpmia_mimir_ngram_7_0.2_pythia-160m_pubmed_central_10_tau_0p03_gamma_0p75_roc_tpr_at_5_fpr.png,logs/wpmia/20260524_082806_mimir_wpmia/mimir_ngram_7_0.2_pythia-160m_pubmed_central_10_tau_0p03_gamma_0p75.log
ok,mimir,pythia-160m,iamgroot42/mimir,ngram_7_0.2,pubmed_central,10,0.03,1.0,44.8,51.1,1.5,6.9,9.8,wpmia_mimir_ngram_7_0.2_pythia-160m_pubmed_central_10_tau_0p03_gamma_1p0,simmia_out/mimir/ngram_7_0.2/pythia-160m/pubmed_central/10,simmia_out/mimir/ngram_7_0.2/pythia-160m/pubmed_central/10/wpmia_mimir_ngram_7_0.2_pythia-160m_pubmed_central_10_tau_0p03_gamma_1p0_roc_tpr_at_5_fpr.png,logs/wpmia/20260524_082806_mimir_wpmia/mimir_ngram_7_0.2_pythia-160m_pubmed_central_10_tau_0p03_gamma_1p0.log
ok,mimir,pythia-160m,iamgroot42/mimir,ngram_7_0.2,pubmed_central,10,0.05,0,68.9,65.0,7.7,21.2,33.3,wpmia_mimir_ngram_7_0.2_pythia-160m_pubmed_central_10_tau_0p05_gamma_0,simmia_out/mimir/ngram_7_0.2/pythia-160m/pubmed_central/10,simmia_out/mimir/ngram_7_0.2/pythia-160m/pubmed_central/10/wpmia_mimir_ngram_7_0.2_pythia-160m_pubmed_central_10_tau_0p05_gamma_0_roc_tpr_at_5_fpr.png,logs/wpmia/20260524_082806_mimir_wpmia/mimir_ngram_7_0.2_pythia-160m_pubmed_central_10_tau_0p05_gamma_0.log
ok,mimir,pythia-160m,iamgroot42/mimir,ngram_7_0.2,pubmed_central,10,0.05,0.25,67.8,64.3,6.4,19.8,31.4,wpmia_mimir_ngram_7_0.2_pythia-160m_pubmed_central_10_tau_0p05_gamma_0p25,simmia_out/mimir/ngram_7_0.2/pythia-160m/pubmed_central/10,simmia_out/mimir/ngram_7_0.2/pythia-160m/pubmed_central/10/wpmia_mimir_ngram_7_0.2_pythia-160m_pubmed_central_10_tau_0p05_gamma_0p25_roc_tpr_at_5_fpr.png,logs/wpmia/20260524_082806_mimir_wpmia/mimir_ngram_7_0.2_pythia-160m_pubmed_central_10_tau_0p05_gamma_0p25.log
ok,mimir,pythia-160m,iamgroot42/mimir,ngram_7_0.2,pubmed_central,10,0.05,0.5,65.2,62.8,5.8,18.3,27.9,wpmia_mimir_ngram_7_0.2_pythia-160m_pubmed_central_10_tau_0p05_gamma_0p5,simmia_out/mimir/ngram_7_0.2/pythia-160m/pubmed_central/10,simmia_out/mimir/ngram_7_0.2/pythia-160m/pubmed_central/10/wpmia_mimir_ngram_7_0.2_pythia-160m_pubmed_central_10_tau_0p05_gamma_0p5_roc_tpr_at_5_fpr.png,logs/wpmia/20260524_082806_mimir_wpmia/mimir_ngram_7_0.2_pythia-160m_pubmed_central_10_tau_0p05_gamma_0p5.log
ok,mimir,pythia-160m,iamgroot42/mimir,ngram_7_0.2,pubmed_central,10,0.05,0.75,58.9,57.9,5.2,13.9,22.0,wpmia_mimir_ngram_7_0.2_pythia-160m_pubmed_central_10_tau_0p05_gamma_0p75,simmia_out/mimir/ngram_7_0.2/pythia-160m/pubmed_central/10,simmia_out/mimir/ngram_7_0.2/pythia-160m/pubmed_central/10/wpmia_mimir_ngram_7_0.2_pythia-160m_pubmed_central_10_tau_0p05_gamma_0p75_roc_tpr_at_5_fpr.png,logs/wpmia/20260524_082806_mimir_wpmia/mimir_ngram_7_0.2_pythia-160m_pubmed_central_10_tau_0p05_gamma_0p75.log
ok,mimir,pythia-160m,iamgroot42/mimir,ngram_7_0.2,pubmed_central,10,0.05,1.0,45.8,51.9,2.3,8.1,12.7,wpmia_mimir_ngram_7_0.2_pythia-160m_pubmed_central_10_tau_0p05_gamma_1p0,simmia_out/mimir/ngram_7_0.2/pythia-160m/pubmed_central/10,simmia_out/mimir/ngram_7_0.2/pythia-160m/pubmed_central/10/wpmia_mimir_ngram_7_0.2_pythia-160m_pubmed_central_10_tau_0p05_gamma_1p0_roc_tpr_at_5_fpr.png,logs/wpmia/20260524_082806_mimir_wpmia/mimir_ngram_7_0.2_pythia-160m_pubmed_central_10_tau_0p05_gamma_1p0.log
ok,mimir,pythia-160m,iamgroot42/mimir,ngram_7_0.2,pubmed_central,10,0.1,0,70.7,66.0,8.9,24.3,35.8,wpmia_mimir_ngram_7_0.2_pythia-160m_pubmed_central_10_tau_0p1_gamma_0,simmia_out/mimir/ngram_7_0.2/pythia-160m/pubmed_central/10,simmia_out/mimir/ngram_7_0.2/pythia-160m/pubmed_central/10/wpmia_mimir_ngram_7_0.2_pythia-160m_pubmed_central_10_tau_0p1_gamma_0_roc_tpr_at_5_fpr.png,logs/wpmia/20260524_082806_mimir_wpmia/mimir_ngram_7_0.2_pythia-160m_pubmed_central_10_tau_0p1_gamma_0.log
ok,mimir,pythia-160m,iamgroot42/mimir,ngram_7_0.2,pubmed_central,10,0.1,0.25,69.5,65.3,7.3,24.1,33.7,wpmia_mimir_ngram_7_0.2_pythia-160m_pubmed_central_10_tau_0p1_gamma_0p25,simmia_out/mimir/ngram_7_0.2/pythia-160m/pubmed_central/10,simmia_out/mimir/ngram_7_0.2/pythia-160m/pubmed_central/10/wpmia_mimir_ngram_7_0.2_pythia-160m_pubmed_central_10_tau_0p1_gamma_0p25_roc_tpr_at_5_fpr.png,logs/wpmia/20260524_082806_mimir_wpmia/mimir_ngram_7_0.2_pythia-160m_pubmed_central_10_tau_0p1_gamma_0p25.log
ok,mimir,pythia-160m,iamgroot42/mimir,ngram_7_0.2,pubmed_central,10,0.1,0.5,66.7,63.5,5.4,21.0,28.3,wpmia_mimir_ngram_7_0.2_pythia-160m_pubmed_central_10_tau_0p1_gamma_0p5,simmia_out/mimir/ngram_7_0.2/pythia-160m/pubmed_central/10,simmia_out/mimir/ngram_7_0.2/pythia-160m/pubmed_central/10/wpmia_mimir_ngram_7_0.2_pythia-160m_pubmed_central_10_tau_0p1_gamma_0p5_roc_tpr_at_5_fpr.png,logs/wpmia/20260524_082806_mimir_wpmia/mimir_ngram_7_0.2_pythia-160m_pubmed_central_10_tau_0p1_gamma_0p5.log
ok,mimir,pythia-160m,iamgroot42/mimir,ngram_7_0.2,pubmed_central,10,0.1,0.75,59.3,57.4,4.8,17.9,22.7,wpmia_mimir_ngram_7_0.2_pythia-160m_pubmed_central_10_tau_0p1_gamma_0p75,simmia_out/mimir/ngram_7_0.2/pythia-160m/pubmed_central/10,simmia_out/mimir/ngram_7_0.2/pythia-160m/pubmed_central/10/wpmia_mimir_ngram_7_0.2_pythia-160m_pubmed_central_10_tau_0p1_gamma_0p75_roc_tpr_at_5_fpr.png,logs/wpmia/20260524_082806_mimir_wpmia/mimir_ngram_7_0.2_pythia-160m_pubmed_central_10_tau_0p1_gamma_0p75.log
ok,mimir,pythia-160m,iamgroot42/mimir,ngram_7_0.2,pubmed_central,10,0.1,1.0,43.7,51.0,1.7,6.7,10.4,wpmia_mimir_ngram_7_0.2_pythia-160m_pubmed_central_10_tau_0p1_gamma_1p0,simmia_out/mimir/ngram_7_0.2/pythia-160m/pubmed_central/10,simmia_out/mimir/ngram_7_0.2/pythia-160m/pubmed_central/10/wpmia_mimir_ngram_7_0.2_pythia-160m_pubmed_central_10_tau_0p1_gamma_1p0_roc_tpr_at_5_fpr.png,logs/wpmia/20260524_082806_mimir_wpmia/mimir_ngram_7_0.2_pythia-160m_pubmed_central_10_tau_0p1_gamma_1p0.log
ok,mimir,pythia-160m,iamgroot42/mimir,ngram_7_0.2,pubmed_central,10,0.2,0,72.8,68.5,7.3,23.9,39.1,wpmia_mimir_ngram_7_0.2_pythia-160m_pubmed_central_10_tau_0p2_gamma_0,simmia_out/mimir/ngram_7_0.2/pythia-160m/pubmed_central/10,simmia_out/mimir/ngram_7_0.2/pythia-160m/pubmed_central/10/wpmia_mimir_ngram_7_0.2_pythia-160m_pubmed_central_10_tau_0p2_gamma_0_roc_tpr_at_5_fpr.png,logs/wpmia/20260524_082806_mimir_wpmia/mimir_ngram_7_0.2_pythia-160m_pubmed_central_10_tau_0p2_gamma_0.log
ok,mimir,pythia-160m,iamgroot42/mimir,ngram_7_0.2,pubmed_central,10,0.2,0.25,71.8,67.5,5.8,22.7,38.0,wpmia_mimir_ngram_7_0.2_pythia-160m_pubmed_central_10_tau_0p2_gamma_0p25,simmia_out/mimir/ngram_7_0.2/pythia-160m/pubmed_central/10,simmia_out/mimir/ngram_7_0.2/pythia-160m/pubmed_central/10/wpmia_mimir_ngram_7_0.2_pythia-160m_pubmed_central_10_tau_0p2_gamma_0p25_roc_tpr_at_5_fpr.png,logs/wpmia/20260524_082806_mimir_wpmia/mimir_ngram_7_0.2_pythia-160m_pubmed_central_10_tau_0p2_gamma_0p25.log
ok,mimir,pythia-160m,iamgroot42/mimir,ngram_7_0.2,pubmed_central,10,0.2,0.5,69.1,65.4,5.2,21.6,34.1,wpmia_mimir_ngram_7_0.2_pythia-160m_pubmed_central_10_tau_0p2_gamma_0p5,simmia_out/mimir/ngram_7_0.2/pythia-160m/pubmed_central/10,simmia_out/mimir/ngram_7_0.2/pythia-160m/pubmed_central/10/wpmia_mimir_ngram_7_0.2_pythia-160m_pubmed_central_10_tau_0p2_gamma_0p5_roc_tpr_at_5_fpr.png,logs/wpmia/20260524_082806_mimir_wpmia/mimir_ngram_7_0.2_pythia-160m_pubmed_central_10_tau_0p2_gamma_0p5.log
ok,mimir,pythia-160m,iamgroot42/mimir,ngram_7_0.2,pubmed_central,10,0.2,0.75,60.8,58.1,4.4,17.7,25.8,wpmia_mimir_ngram_7_0.2_pythia-160m_pubmed_central_10_tau_0p2_gamma_0p75,simmia_out/mimir/ngram_7_0.2/pythia-160m/pubmed_central/10,simmia_out/mimir/ngram_7_0.2/pythia-160m/pubmed_central/10/wpmia_mimir_ngram_7_0.2_pythia-160m_pubmed_central_10_tau_0p2_gamma_0p75_roc_tpr_at_5_fpr.png,logs/wpmia/20260524_082806_mimir_wpmia/mimir_ngram_7_0.2_pythia-160m_pubmed_central_10_tau_0p2_gamma_0p75.log
ok,mimir,pythia-160m,iamgroot42/mimir,ngram_7_0.2,pubmed_central,10,0.2,1.0,42.1,50.7,2.1,5.0,8.7,wpmia_mimir_ngram_7_0.2_pythia-160m_pubmed_central_10_tau_0p2_gamma_1p0,simmia_out/mimir/ngram_7_0.2/pythia-160m/pubmed_central/10,simmia_out/mimir/ngram_7_0.2/pythia-160m/pubmed_central/10/wpmia_mimir_ngram_7_0.2_pythia-160m_pubmed_central_10_tau_0p2_gamma_1p0_roc_tpr_at_5_fpr.png,logs/wpmia/20260524_082806_mimir_wpmia/mimir_ngram_7_0.2_pythia-160m_pubmed_central_10_tau_0p2_gamma_1p0.log
ok,mimir,pythia-160m,iamgroot42/mimir,ngram_7_0.2,pubmed_central,10,0.5,0,74.5,70.4,6.4,27.7,35.3,wpmia_mimir_ngram_7_0.2_pythia-160m_pubmed_central_10_tau_0p5_gamma_0,simmia_out/mimir/ngram_7_0.2/pythia-160m/pubmed_central/10,simmia_out/mimir/ngram_7_0.2/pythia-160m/pubmed_central/10/wpmia_mimir_ngram_7_0.2_pythia-160m_pubmed_central_10_tau_0p5_gamma_0_roc_tpr_at_5_fpr.png,logs/wpmia/20260524_082806_mimir_wpmia/mimir_ngram_7_0.2_pythia-160m_pubmed_central_10_tau_0p5_gamma_0.log
ok,mimir,pythia-160m,iamgroot42/mimir,ngram_7_0.2,pubmed_central,10,0.5,0.25,73.6,69.5,6.0,27.4,34.3,wpmia_mimir_ngram_7_0.2_pythia-160m_pubmed_central_10_tau_0p5_gamma_0p25,simmia_out/mimir/ngram_7_0.2/pythia-160m/pubmed_central/10,simmia_out/mimir/ngram_7_0.2/pythia-160m/pubmed_central/10/wpmia_mimir_ngram_7_0.2_pythia-160m_pubmed_central_10_tau_0p5_gamma_0p25_roc_tpr_at_5_fpr.png,logs/wpmia/20260524_082806_mimir_wpmia/mimir_ngram_7_0.2_pythia-160m_pubmed_central_10_tau_0p5_gamma_0p25.log
ok,mimir,pythia-160m,iamgroot42/mimir,ngram_7_0.2,pubmed_central,10,0.5,0.5,71.3,67.4,6.0,26.0,34.3,wpmia_mimir_ngram_7_0.2_pythia-160m_pubmed_central_10_tau_0p5_gamma_0p5,simmia_out/mimir/ngram_7_0.2/pythia-160m/pubmed_central/10,simmia_out/mimir/ngram_7_0.2/pythia-160m/pubmed_central/10/wpmia_mimir_ngram_7_0.2_pythia-160m_pubmed_central_10_tau_0p5_gamma_0p5_roc_tpr_at_5_fpr.png,logs/wpmia/20260524_082806_mimir_wpmia/mimir_ngram_7_0.2_pythia-160m_pubmed_central_10_tau_0p5_gamma_0p5.log
ok,mimir,pythia-160m,iamgroot42/mimir,ngram_7_0.2,pubmed_central,10,0.5,0.75,62.8,60.1,4.6,18.9,27.4,wpmia_mimir_ngram_7_0.2_pythia-160m_pubmed_central_10_tau_0p5_gamma_0p75,simmia_out/mimir/ngram_7_0.2/pythia-160m/pubmed_central/10,simmia_out/mimir/ngram_7_0.2/pythia-160m/pubmed_central/10/wpmia_mimir_ngram_7_0.2_pythia-160m_pubmed_central_10_tau_0p5_gamma_0p75_roc_tpr_at_5_fpr.png,logs/wpmia/20260524_082806_mimir_wpmia/mimir_ngram_7_0.2_pythia-160m_pubmed_central_10_tau_0p5_gamma_0p75.log
ok,mimir,pythia-160m,iamgroot42/mimir,ngram_7_0.2,pubmed_central,10,0.5,1.0,41.8,50.4,1.7,4.4,8.9,wpmia_mimir_ngram_7_0.2_pythia-160m_pubmed_central_10_tau_0p5_gamma_1p0,simmia_out/mimir/ngram_7_0.2/pythia-160m/pubmed_central/10,simmia_out/mimir/ngram_7_0.2/pythia-160m/pubmed_central/10/wpmia_mimir_ngram_7_0.2_pythia-160m_pubmed_central_10_tau_0p5_gamma_1p0_roc_tpr_at_5_fpr.png,logs/wpmia/20260524_082806_mimir_wpmia/mimir_ngram_7_0.2_pythia-160m_pubmed_central_10_tau_0p5_gamma_1p0.log
ok,mimir,pythia-160m,iamgroot42/mimir,ngram_7_0.2,wikipedia_(en),10,0.03,0,61.3,59.9,9.8,18.5,26.2,wpmia_mimir_ngram_7_0.2_pythia-160m_wikipedia__en__10_tau_0p03_gamma_0,simmia_out/mimir/ngram_7_0.2/pythia-160m/wikipedia_(en)/10,simmia_out/mimir/ngram_7_0.2/pythia-160m/wikipedia_(en)/10/wpmia_mimir_ngram_7_0.2_pythia-160m_wikipedia__en__10_tau_0p03_gamma_0_roc_tpr_at_5_fpr.png,logs/wpmia/20260524_082806_mimir_wpmia/mimir_ngram_7_0.2_pythia-160m_wikipedia__en__10_tau_0p03_gamma_0.log
ok,mimir,pythia-160m,iamgroot42/mimir,ngram_7_0.2,wikipedia_(en),10,0.03,0.25,61.3,59.8,9.8,18.9,25.8,wpmia_mimir_ngram_7_0.2_pythia-160m_wikipedia__en__10_tau_0p03_gamma_0p25,simmia_out/mimir/ngram_7_0.2/pythia-160m/wikipedia_(en)/10,simmia_out/mimir/ngram_7_0.2/pythia-160m/wikipedia_(en)/10/wpmia_mimir_ngram_7_0.2_pythia-160m_wikipedia__en__10_tau_0p03_gamma_0p25_roc_tpr_at_5_fpr.png,logs/wpmia/20260524_082806_mimir_wpmia/mimir_ngram_7_0.2_pythia-160m_wikipedia__en__10_tau_0p03_gamma_0p25.log
ok,mimir,pythia-160m,iamgroot42/mimir,ngram_7_0.2,wikipedia_(en),10,0.03,0.5,61.1,59.2,10.1,19.0,26.6,wpmia_mimir_ngram_7_0.2_pythia-160m_wikipedia__en__10_tau_0p03_gamma_0p5,simmia_out/mimir/ngram_7_0.2/pythia-160m/wikipedia_(en)/10,simmia_out/mimir/ngram_7_0.2/pythia-160m/wikipedia_(en)/10/wpmia_mimir_ngram_7_0.2_pythia-160m_wikipedia__en__10_tau_0p03_gamma_0p5_roc_tpr_at_5_fpr.png,logs/wpmia/20260524_082806_mimir_wpmia/mimir_ngram_7_0.2_pythia-160m_wikipedia__en__10_tau_0p03_gamma_0p5.log
ok,mimir,pythia-160m,iamgroot42/mimir,ngram_7_0.2,wikipedia_(en),10,0.03,0.75,60.4,58.6,10.7,19.9,26.4,wpmia_mimir_ngram_7_0.2_pythia-160m_wikipedia__en__10_tau_0p03_gamma_0p75,simmia_out/mimir/ngram_7_0.2/pythia-160m/wikipedia_(en)/10,simmia_out/mimir/ngram_7_0.2/pythia-160m/wikipedia_(en)/10/wpmia_mimir_ngram_7_0.2_pythia-160m_wikipedia__en__10_tau_0p03_gamma_0p75_roc_tpr_at_5_fpr.png,logs/wpmia/20260524_082806_mimir_wpmia/mimir_ngram_7_0.2_pythia-160m_wikipedia__en__10_tau_0p03_gamma_0p75.log
ok,mimir,pythia-160m,iamgroot42/mimir,ngram_7_0.2,wikipedia_(en),10,0.03,1.0,55.8,55.4,5.5,13.0,20.2,wpmia_mimir_ngram_7_0.2_pythia-160m_wikipedia__en__10_tau_0p03_gamma_1p0,simmia_out/mimir/ngram_7_0.2/pythia-160m/wikipedia_(en)/10,simmia_out/mimir/ngram_7_0.2/pythia-160m/wikipedia_(en)/10/wpmia_mimir_ngram_7_0.2_pythia-160m_wikipedia__en__10_tau_0p03_gamma_1p0_roc_tpr_at_5_fpr.png,logs/wpmia/20260524_082806_mimir_wpmia/mimir_ngram_7_0.2_pythia-160m_wikipedia__en__10_tau_0p03_gamma_1p0.log
ok,mimir,pythia-160m,iamgroot42/mimir,ngram_7_0.2,wikipedia_(en),10,0.05,0,61.5,59.9,9.5,19.0,27.7,wpmia_mimir_ngram_7_0.2_pythia-160m_wikipedia__en__10_tau_0p05_gamma_0,simmia_out/mimir/ngram_7_0.2/pythia-160m/wikipedia_(en)/10,simmia_out/mimir/ngram_7_0.2/pythia-160m/wikipedia_(en)/10/wpmia_mimir_ngram_7_0.2_pythia-160m_wikipedia__en__10_tau_0p05_gamma_0_roc_tpr_at_5_fpr.png,logs/wpmia/20260524_082806_mimir_wpmia/mimir_ngram_7_0.2_pythia-160m_wikipedia__en__10_tau_0p05_gamma_0.log
ok,mimir,pythia-160m,iamgroot42/mimir,ngram_7_0.2,wikipedia_(en),10,0.05,0.25,61.5,60.3,10.2,18.6,27.0,wpmia_mimir_ngram_7_0.2_pythia-160m_wikipedia__en__10_tau_0p05_gamma_0p25,simmia_out/mimir/ngram_7_0.2/pythia-160m/wikipedia_(en)/10,simmia_out/mimir/ngram_7_0.2/pythia-160m/wikipedia_(en)/10/wpmia_mimir_ngram_7_0.2_pythia-160m_wikipedia__en__10_tau_0p05_gamma_0p25_roc_tpr_at_5_fpr.png,logs/wpmia/20260524_082806_mimir_wpmia/mimir_ngram_7_0.2_pythia-160m_wikipedia__en__10_tau_0p05_gamma_0p25.log
ok,mimir,pythia-160m,iamgroot42/mimir,ngram_7_0.2,wikipedia_(en),10,0.05,0.5,61.5,59.9,10.5,20.4,26.5,wpmia_mimir_ngram_7_0.2_pythia-160m_wikipedia__en__10_tau_0p05_gamma_0p5,simmia_out/mimir/ngram_7_0.2/pythia-160m/wikipedia_(en)/10,simmia_out/mimir/ngram_7_0.2/pythia-160m/wikipedia_(en)/10/wpmia_mimir_ngram_7_0.2_pythia-160m_wikipedia__en__10_tau_0p05_gamma_0p5_roc_tpr_at_5_fpr.png,logs/wpmia/20260524_082806_mimir_wpmia/mimir_ngram_7_0.2_pythia-160m_wikipedia__en__10_tau_0p05_gamma_0p5.log
ok,mimir,pythia-160m,iamgroot42/mimir,ngram_7_0.2,wikipedia_(en),10,0.05,0.75,60.9,59.3,9.4,20.0,25.5,wpmia_mimir_ngram_7_0.2_pythia-160m_wikipedia__en__10_tau_0p05_gamma_0p75,simmia_out/mimir/ngram_7_0.2/pythia-160m/wikipedia_(en)/10,simmia_out/mimir/ngram_7_0.2/pythia-160m/wikipedia_(en)/10/wpmia_mimir_ngram_7_0.2_pythia-160m_wikipedia__en__10_tau_0p05_gamma_0p75_roc_tpr_at_5_fpr.png,logs/wpmia/20260524_082806_mimir_wpmia/mimir_ngram_7_0.2_pythia-160m_wikipedia__en__10_tau_0p05_gamma_0p75.log
ok,mimir,pythia-160m,iamgroot42/mimir,ngram_7_0.2,wikipedia_(en),10,0.05,1.0,57.0,56.5,5.7,11.9,19.7,wpmia_mimir_ngram_7_0.2_pythia-160m_wikipedia__en__10_tau_0p05_gamma_1p0,simmia_out/mimir/ngram_7_0.2/pythia-160m/wikipedia_(en)/10,simmia_out/mimir/ngram_7_0.2/pythia-160m/wikipedia_(en)/10/wpmia_mimir_ngram_7_0.2_pythia-160m_wikipedia__en__10_tau_0p05_gamma_1p0_roc_tpr_at_5_fpr.png,logs/wpmia/20260524_082806_mimir_wpmia/mimir_ngram_7_0.2_pythia-160m_wikipedia__en__10_tau_0p05_gamma_1p0.log
ok,mimir,pythia-160m,iamgroot42/mimir,ngram_7_0.2,wikipedia_(en),10,0.1,0,62.1,60.6,10.7,19.8,27.0,wpmia_mimir_ngram_7_0.2_pythia-160m_wikipedia__en__10_tau_0p1_gamma_0,simmia_out/mimir/ngram_7_0.2/pythia-160m/wikipedia_(en)/10,simmia_out/mimir/ngram_7_0.2/pythia-160m/wikipedia_(en)/10/wpmia_mimir_ngram_7_0.2_pythia-160m_wikipedia__en__10_tau_0p1_gamma_0_roc_tpr_at_5_fpr.png,logs/wpmia/20260524_082806_mimir_wpmia/mimir_ngram_7_0.2_pythia-160m_wikipedia__en__10_tau_0p1_gamma_0.log
ok,mimir,pythia-160m,iamgroot42/mimir,ngram_7_0.2,wikipedia_(en),10,0.1,0.25,62.1,60.6,10.5,20.3,26.9,wpmia_mimir_ngram_7_0.2_pythia-160m_wikipedia__en__10_tau_0p1_gamma_0p25,simmia_out/mimir/ngram_7_0.2/pythia-160m/wikipedia_(en)/10,simmia_out/mimir/ngram_7_0.2/pythia-160m/wikipedia_(en)/10/wpmia_mimir_ngram_7_0.2_pythia-160m_wikipedia__en__10_tau_0p1_gamma_0p25_roc_tpr_at_5_fpr.png,logs/wpmia/20260524_082806_mimir_wpmia/mimir_ngram_7_0.2_pythia-160m_wikipedia__en__10_tau_0p1_gamma_0p25.log
ok,mimir,pythia-160m,iamgroot42/mimir,ngram_7_0.2,wikipedia_(en),10,0.1,0.5,62.0,60.5,10.5,20.9,26.7,wpmia_mimir_ngram_7_0.2_pythia-160m_wikipedia__en__10_tau_0p1_gamma_0p5,simmia_out/mimir/ngram_7_0.2/pythia-160m/wikipedia_(en)/10,simmia_out/mimir/ngram_7_0.2/pythia-160m/wikipedia_(en)/10/wpmia_mimir_ngram_7_0.2_pythia-160m_wikipedia__en__10_tau_0p1_gamma_0p5_roc_tpr_at_5_fpr.png,logs/wpmia/20260524_082806_mimir_wpmia/mimir_ngram_7_0.2_pythia-160m_wikipedia__en__10_tau_0p1_gamma_0p5.log
ok,mimir,pythia-160m,iamgroot42/mimir,ngram_7_0.2,wikipedia_(en),10,0.1,0.75,61.5,59.7,9.8,19.7,27.2,wpmia_mimir_ngram_7_0.2_pythia-160m_wikipedia__en__10_tau_0p1_gamma_0p75,simmia_out/mimir/ngram_7_0.2/pythia-160m/wikipedia_(en)/10,simmia_out/mimir/ngram_7_0.2/pythia-160m/wikipedia_(en)/10/wpmia_mimir_ngram_7_0.2_pythia-160m_wikipedia__en__10_tau_0p1_gamma_0p75_roc_tpr_at_5_fpr.png,logs/wpmia/20260524_082806_mimir_wpmia/mimir_ngram_7_0.2_pythia-160m_wikipedia__en__10_tau_0p1_gamma_0p75.log
ok,mimir,pythia-160m,iamgroot42/mimir,ngram_7_0.2,wikipedia_(en),10,0.1,1.0,57.1,56.4,5.1,12.5,19.9,wpmia_mimir_ngram_7_0.2_pythia-160m_wikipedia__en__10_tau_0p1_gamma_1p0,simmia_out/mimir/ngram_7_0.2/pythia-160m/wikipedia_(en)/10,simmia_out/mimir/ngram_7_0.2/pythia-160m/wikipedia_(en)/10/wpmia_mimir_ngram_7_0.2_pythia-160m_wikipedia__en__10_tau_0p1_gamma_1p0_roc_tpr_at_5_fpr.png,logs/wpmia/20260524_082806_mimir_wpmia/mimir_ngram_7_0.2_pythia-160m_wikipedia__en__10_tau_0p1_gamma_1p0.log
ok,mimir,pythia-160m,iamgroot42/mimir,ngram_7_0.2,wikipedia_(en),10,0.2,0,62.3,60.9,9.5,18.5,26.1,wpmia_mimir_ngram_7_0.2_pythia-160m_wikipedia__en__10_tau_0p2_gamma_0,simmia_out/mimir/ngram_7_0.2/pythia-160m/wikipedia_(en)/10,simmia_out/mimir/ngram_7_0.2/pythia-160m/wikipedia_(en)/10/wpmia_mimir_ngram_7_0.2_pythia-160m_wikipedia__en__10_tau_0p2_gamma_0_roc_tpr_at_5_fpr.png,logs/wpmia/20260524_082806_mimir_wpmia/mimir_ngram_7_0.2_pythia-160m_wikipedia__en__10_tau_0p2_gamma_0.log
ok,mimir,pythia-160m,iamgroot42/mimir,ngram_7_0.2,wikipedia_(en),10,0.2,0.25,62.3,61.1,10.3,19.4,26.5,wpmia_mimir_ngram_7_0.2_pythia-160m_wikipedia__en__10_tau_0p2_gamma_0p25,simmia_out/mimir/ngram_7_0.2/pythia-160m/wikipedia_(en)/10,simmia_out/mimir/ngram_7_0.2/pythia-160m/wikipedia_(en)/10/wpmia_mimir_ngram_7_0.2_pythia-160m_wikipedia__en__10_tau_0p2_gamma_0p25_roc_tpr_at_5_fpr.png,logs/wpmia/20260524_082806_mimir_wpmia/mimir_ngram_7_0.2_pythia-160m_wikipedia__en__10_tau_0p2_gamma_0p25.log
ok,mimir,pythia-160m,iamgroot42/mimir,ngram_7_0.2,wikipedia_(en),10,0.2,0.5,62.3,60.8,10.7,19.9,27.5,wpmia_mimir_ngram_7_0.2_pythia-160m_wikipedia__en__10_tau_0p2_gamma_0p5,simmia_out/mimir/ngram_7_0.2/pythia-160m/wikipedia_(en)/10,simmia_out/mimir/ngram_7_0.2/pythia-160m/wikipedia_(en)/10/wpmia_mimir_ngram_7_0.2_pythia-160m_wikipedia__en__10_tau_0p2_gamma_0p5_roc_tpr_at_5_fpr.png,logs/wpmia/20260524_082806_mimir_wpmia/mimir_ngram_7_0.2_pythia-160m_wikipedia__en__10_tau_0p2_gamma_0p5.log
ok,mimir,pythia-160m,iamgroot42/mimir,ngram_7_0.2,wikipedia_(en),10,0.2,0.75,61.9,60.1,9.0,19.9,28.0,wpmia_mimir_ngram_7_0.2_pythia-160m_wikipedia__en__10_tau_0p2_gamma_0p75,simmia_out/mimir/ngram_7_0.2/pythia-160m/wikipedia_(en)/10,simmia_out/mimir/ngram_7_0.2/pythia-160m/wikipedia_(en)/10/wpmia_mimir_ngram_7_0.2_pythia-160m_wikipedia__en__10_tau_0p2_gamma_0p75_roc_tpr_at_5_fpr.png,logs/wpmia/20260524_082806_mimir_wpmia/mimir_ngram_7_0.2_pythia-160m_wikipedia__en__10_tau_0p2_gamma_0p75.log
ok,mimir,pythia-160m,iamgroot42/mimir,ngram_7_0.2,wikipedia_(en),10,0.2,1.0,57.2,56.8,3.5,12.1,21.4,wpmia_mimir_ngram_7_0.2_pythia-160m_wikipedia__en__10_tau_0p2_gamma_1p0,simmia_out/mimir/ngram_7_0.2/pythia-160m/wikipedia_(en)/10,simmia_out/mimir/ngram_7_0.2/pythia-160m/wikipedia_(en)/10/wpmia_mimir_ngram_7_0.2_pythia-160m_wikipedia__en__10_tau_0p2_gamma_1p0_roc_tpr_at_5_fpr.png,logs/wpmia/20260524_082806_mimir_wpmia/mimir_ngram_7_0.2_pythia-160m_wikipedia__en__10_tau_0p2_gamma_1p0.log
ok,mimir,pythia-160m,iamgroot42/mimir,ngram_7_0.2,wikipedia_(en),10,0.5,0,62.3,60.2,9.0,17.7,26.2,wpmia_mimir_ngram_7_0.2_pythia-160m_wikipedia__en__10_tau_0p5_gamma_0,simmia_out/mimir/ngram_7_0.2/pythia-160m/wikipedia_(en)/10,simmia_out/mimir/ngram_7_0.2/pythia-160m/wikipedia_(en)/10/wpmia_mimir_ngram_7_0.2_pythia-160m_wikipedia__en__10_tau_0p5_gamma_0_roc_tpr_at_5_fpr.png,logs/wpmia/20260524_082806_mimir_wpmia/mimir_ngram_7_0.2_pythia-160m_wikipedia__en__10_tau_0p5_gamma_0.log
ok,mimir,pythia-160m,iamgroot42/mimir,ngram_7_0.2,wikipedia_(en),10,0.5,0.25,62.4,60.6,9.8,18.0,27.0,wpmia_mimir_ngram_7_0.2_pythia-160m_wikipedia__en__10_tau_0p5_gamma_0p25,simmia_out/mimir/ngram_7_0.2/pythia-160m/wikipedia_(en)/10,simmia_out/mimir/ngram_7_0.2/pythia-160m/wikipedia_(en)/10/wpmia_mimir_ngram_7_0.2_pythia-160m_wikipedia__en__10_tau_0p5_gamma_0p25_roc_tpr_at_5_fpr.png,logs/wpmia/20260524_082806_mimir_wpmia/mimir_ngram_7_0.2_pythia-160m_wikipedia__en__10_tau_0p5_gamma_0p25.log
ok,mimir,pythia-160m,iamgroot42/mimir,ngram_7_0.2,wikipedia_(en),10,0.5,0.5,62.4,60.4,11.0,19.3,26.6,wpmia_mimir_ngram_7_0.2_pythia-160m_wikipedia__en__10_tau_0p5_gamma_0p5,simmia_out/mimir/ngram_7_0.2/pythia-160m/wikipedia_(en)/10,simmia_out/mimir/ngram_7_0.2/pythia-160m/wikipedia_(en)/10/wpmia_mimir_ngram_7_0.2_pythia-160m_wikipedia__en__10_tau_0p5_gamma_0p5_roc_tpr_at_5_fpr.png,logs/wpmia/20260524_082806_mimir_wpmia/mimir_ngram_7_0.2_pythia-160m_wikipedia__en__10_tau_0p5_gamma_0p5.log
ok,mimir,pythia-160m,iamgroot42/mimir,ngram_7_0.2,wikipedia_(en),10,0.5,0.75,62.2,60.3,9.5,20.5,27.0,wpmia_mimir_ngram_7_0.2_pythia-160m_wikipedia__en__10_tau_0p5_gamma_0p75,simmia_out/mimir/ngram_7_0.2/pythia-160m/wikipedia_(en)/10,simmia_out/mimir/ngram_7_0.2/pythia-160m/wikipedia_(en)/10/wpmia_mimir_ngram_7_0.2_pythia-160m_wikipedia__en__10_tau_0p5_gamma_0p75_roc_tpr_at_5_fpr.png,logs/wpmia/20260524_082806_mimir_wpmia/mimir_ngram_7_0.2_pythia-160m_wikipedia__en__10_tau_0p5_gamma_0p75.log
ok,mimir,pythia-160m,iamgroot42/mimir,ngram_7_0.2,wikipedia_(en),10,0.5,1.0,57.2,56.7,3.5,12.3,20.1,wpmia_mimir_ngram_7_0.2_pythia-160m_wikipedia__en__10_tau_0p5_gamma_1p0,simmia_out/mimir/ngram_7_0.2/pythia-160m/wikipedia_(en)/10,simmia_out/mimir/ngram_7_0.2/pythia-160m/wikipedia_(en)/10/wpmia_mimir_ngram_7_0.2_pythia-160m_wikipedia__en__10_tau_0p5_gamma_1p0_roc_tpr_at_5_fpr.png,logs/wpmia/20260524_082806_mimir_wpmia/mimir_ngram_7_0.2_pythia-160m_wikipedia__en__10_tau_0p5_gamma_1p0.log
